"TCO264F01LMXR1","192.1.203.59","5CG6121H8X","104000032890","GERENCIA COMERCIAL","50","18","32","8"
,"192.1.209.81","5CG6312YLS","104000033162","JEFE RADIO FRECUENCIA","145","18","33","8"
"NO TIENE","USB","CN27NBK0G2","105000031210","SEC.GERENCIA FINZ","154","18","20","6"
"NO TIENE","USB","CN4CBHV1B1","105000031688","JEF. COMPRAS","101","18","20","6"
"MXTAFCORPOFI04","10.0.156.146","746325990184X","105000031341","DEPTO.COMPRAS","101","15","21","6"
"MXTAFCORPOFI03","10.0.156.144","74635C6600CHH","105000031774","CONTB-INGRESOS","154","15","21","6"
"NO TIENE","PARELELO","FCTY172299","105000031366","EGRESOS","154","16","22","6"
"NO TIENE","USB","MY84CH23VN","105000030936","JEF. EGRESOS","154","18","23","6"
"MXTAFCORPOFI01","10.0.156.145","746325990181T","105000031296","EGRESOS","154","15","21","6"
"MXTAFCORPOFI02","10.0.156.143","79G2FNL","105000031160","CAJAS","102","15","24","6"
"NO TIENE","USB","MY85KHH0ZH","105000030821","JEFATURA CAJAS","102","18","23","6"
"NO TIENE","USB","CN27NBK0NX","105000031209","SEC. DIRECC","160 ","18","20","6"
"NO TIENE","10.0.156.141","CNCCF41089","105000031332","SECRET DIRECC","160","18","25","6"
,"USB","DL336619","105000030316","SECRETARIA GERENCIA FINANZAS","154","19","26","6"
"CACPLAAC01DMX01","10.0.169.119","C67T6Y1        ","104000032208","ALMACEN 1","65","9","13","7"
"CACPLAAC02DMX01","10.0.169.120","DXJ3JL1        ","104000031407","ALMACEN 2","65","9","12","7"
"CACPLAAS01DMX01","10.0.169.101","C78W6Y1        ","104000032307","BARRA 1","65","9","13","7"
"CACPLAAS02DMX01","10.0.169.102","GGGJDP1        ","104000031661","BARRA 2","65","9","12","7"
"CACPLAAS03DMX01","10.0.169.103","GGFLDP1        ","104000031667","BARRA 3","65","9","12","7"
"CACPLAAS04DMX01","10.0.169.104","GGDMDP1        ","104000031663","BARRA 4","65","9","12","7"
"CACPLAAS05DMX01","10.0.169.105","GGDHDP1        ","104000031662","BARRA 5","65","9","12","7"
"CACPLAAS06DMX01","10.0.169.106","GGGFDP1        ","104000031664","BARRA 6","65","9","12","7"
"CACPLAAS07DMX01","10.0.169.107","MXL5452MSC",,"ASESOR","70","18","1","7"
"CACPLAYRE01DMX01","10.0.169.118","MXJ8320875",,"RECEPCION ","65","18","27","7"
"CACPLAAS09DMX01","10.0.169.109","C15X6Y1        ","104000032209","BARRA 9","65","9","13","7"
"CACPLAAS10DMX01","10.0.169.110","C76W6Y1        ","104000032210","BARRA 10","65","9","13","7"
"CACPLAAS11DMX01","10.0.169.111","GG4LDP1        ","104000031665","BARRA 11","65","9","12","7"
"CACPLAAS12DMX01","10.0.169.112","C61V6Y1        ","104000032211","BARRA 12","65","9","13","7"
"CACPLAAS13DMX01","10.0.169.113","C5XT6Y1        ","104000032212","BARRA 13","65","9","13","7"
"CACPLAAS14DMX01","10.0.169.114","F5QHDP1        ","104000031629","BARRA 14","65","9","12","7"
"CACPLAAS16DMX01","10.0.169.116","C85W6Y1        ","104000032306","MODULO A","65","9","13","7"
"CACPLAAS17DMX01","10.0.169.117","F5SGDP1        ","104000031630","MODULO C","65","9","12","7"
"CACPLACA01DMX01","10.0.169.124","MXL3492H2N",,"CAJA 01","70","18","28","7"
"CACPLACA02DMX01","10.0.169.125","74D0PN1        ","104000031564","CAJA 2","65","9","12","7"
"CACPLACA03DMX01","10.0.169.126","74L0PN1        ","104000031585","CAJA 3","65","9","12","7"
"CACPLAJE01DMX01","10.0.169.30","J5WMXQ1",,"JEFATURA","65","9","2","7"
"CACPLAAS08DMXX01","10.0.169.108","C63W6Y1",,"BARRA 8","65","9","13","7"
"CACPLAST01DMX01","10.0.169.121","GGDFDP1","104000031668","SOPORTE TECNICO 1","65","9","12","7"
"CACPLAST02DMX01","10.0.169.122","GGFJDP1        ","104000031669","SOPORTE TECNICO 2","65","9","12","7"
"CACPLAST03DMX01","10.0.169.123","F5SHDP1        ","104000031643","SOPORTE TECNICO 3","65","9","12","7"
"CACPLASU01DMX01","10.0.169.100","CH8W6Y1        ","104000032340","SUPERVISOR","65","9","13","7"
"MXCACPLACOR01  ","10.0.169.252","54MGJQ1        ","104000031733","SERVIDOR IMPRESORAS","65","9","2","7"
"SERVCAMPLAYAS  ","10.0.169.65 ","FLRWS71        ","104000030391","SERVIDOR CAMARAS","65","9","29","7"
"FUENTE DANADA - MODU",,"GG4FDP1","104000031660","MODULO B","65","9","12","7"
"RADIOMOV-A4CE90","192.168.1.206","629TS91","104000030713","DESBLOQUEO","65","9","31","7"
"ELITEDESK-PC","192.168.1.229","MXL5242FPD","104000033079","DESBLOQUEO","65","18","1","7"
"MXTACPLACOR01","10.0.169.222","PHGFC22250","105000031544","BARRA 1 Y 2","65","18","30","6"
"MXTACPLACOR02","10.0.169.223","VNB4N12885","105000031250","BARRA 3 Y 4","65","18","30","6"
"MXTACPLACOR03","10.0.169.224","PHGFF21321","105000031575","BARRA 5 Y 6","65","18","30","6"
"MXTACPLACOR04","10.0.169.225","PHGFG20449","105000031705","BARRA 7 Y 8","65","18","30","6"
"MXTACPLACOR05","10.0.169.226","PHGFG20443","105000031706","BARRA 9 Y 10","65","18","30","6"
"MXTACPLACOR06","10.0.169.227","VNB4M15480","105000031324","BARRA 11 Y 12","65","18","30","6"
"MXTACPLACOR07","10.0.169.228","PHGFC42137","105000031640","BARRA 13 Y 14","65","18","30","6"
"MXTACPLACOR08","10.0.169.232","CNDYB43907","105000031120","MODULO C","65","18","38","6"
,"USB","DBLG151086","105000030787","CAJA 3","65","16","57","9"
,"USB","DBLG151103","105000030788","CAJA 2","65","16","57","9"
,"USB","MXKF357260","105000031499","CAJA 1","65","16","41","9"
"MXTACPLACOR10","10.0.169.230","74633699054T9","105000031519","CAJAS","65","15","MX711","6"
,"USB","MXKF352870","105000031409","RECEPCION","65","16","41","9"
,"USB","CN42IFV16S","105000031576","JEFATURA","65","18","20","6"
"MXTACPLACOR11","10.0.169.231","XXXXXXXXX","105000031445","SERTEC","65","18","30","6"
"MXTACPLACOR09","10.0.169.229","PHBQF27784","105000031866","ALMACEN ","65","18","53","6"
,"10.0.169.219","4BAHL70698","105000031672","BARRA","65","14","44","10"
"TELCEL-PC","INFINITUM","7T81BS1","104000031910","DESBLOQUEO","65","9","20","8"
"CACRIOAC01DMX01     ","10.0.127.138","MXL51525N0","104000031274","ALMACEN 01","66","18","1","7"
"CACRIOAC02DMX01     ","10.0.127.139","C0GV6Y1","104000032310","ALMACEN 02","66","9","13","7"
"CACRIOAC03DMX01     ","10.0.127.140","C3RT6Y1        ","104000032311","ALMACEN 03","66","9","13","7"
"CACRIOAS02DMX01     ","10.0.127.102","MJ01PGDE       ","104000032772","BARRA 02","66","20","34","7"
"CACRIOAS03DMX01     ","10.0.127.103","C9FW6Y1        ","104000032191","BARRA 03","66","9","13","7"
"CACRIOAS04DMX01     ","10.0.127.104","C9CT6Y1        ","104000032193","BARRA 04","66","9","13","7"
"CACRIOAS05DMX01     ","10.0.127.105","C2ZV6Y1        ","104000032175","BARRA 05","66","9","13","7"
"CACRIOAS06DMX01     ","10.0.127.106","MXL51524TQ     ","1.04E+11","BARRA 06","66","18","1","7"
"CAC510AS07DMX01     ","10.0.127.107","C3ZV6Y1        ","104000032176","BARRA 07","64","9","13","7"
"CACRIOAS08DMX01     ","10.0.127.108","C2YT6Y1        ","104000032177","BARRA 08","66","9","13","7"
"CACRIOAS09DMX01     ","10.0.127.109","3B0TXQ1        ","104000031747","BARRA 09","66","9","2","7"
"CACRIOAS10DMX01     ","10.0.127.110","3BBZXQ1        ","104000031748","BARRA 10","66","9","2","7"
"CACRIOAS11DMX01     ","10.0.127.111","J5TKXQ1        ","104000031749","BARRA 11","66","9","2","7"
"CACRIOAS12DMX01     ","10.0.127.112","C97T6Y1        ","104000032178","BARRA 12","66","9","13","7"
"CACRIOAS13DMX01     ","10.0.127.113","CHZV6Y1        ","104000032179","BARRA 13","66","9","13","7"
"CACRIOAS14DMX01     ","10.0.127.114","CB2X6Y1        ","104000032180","BARRA 14","66","9","13","7"
"CACRIOAS15DMX01     ","10.0.127.115","CCMV6Y1        ","104000032181","BARRA 15","66","9","13","7"
"CACRIOAS16DMX01     ","10.0.127.116","C9TT6Y1        ","104000032194","BARRA 16","66","9","13","7"
"CACRIOAS17DMX01     ","10.0.127.117","J5SKXQ1        ","104000031750","BARRA 17","66","9","2","7"
"CACRIOAS18DMX01     ","10.0.127.118","CHQW6Y1        ","104000032182","BARRA 18","66","9","13","7"
"CACRIOAS19DMX01     ","10.0.127.119","C2MV6Y1        ","104000032309","BARRA 19","66","9","13","7"
"CACRIOAS20DMX01","10.0.127.120","MXL51524TP","104000032926","BARRA 20","66","18","1","7"
"CACRIOAS21DMX01     ","10.0.127.121","MXL51524T8     ","104000032918","BARRA 21","66","18","1","7"
"CACRIOAS22DMX01     ","10.0.127.122","MXL51524SM     ","104000032923","BARRA 22","66","18","1","7"
"CACRIOAS23DMX01     ","10.0.127.123","MXL51524YC     ","104000032920","BARRA 23","66","18","1","7"
"CACRIOAS24DMX01     ","10.0.127.124","MXL51524SN     ","104000032919","BARRA 24","66","18","1","7"
"CACRIOAS25DMX01     ","10.0.127.125","CB0V6Y1        ","104000032183","BARRA 25","66","9","13","7"
"CACRIOAS26DMX01     ","10.0.127.126","C53T6Y1        ","104000032184","BARRA 26","66","9","13","7"
"CACRIOAS27DMX01     ","10.0.127.127","C3KV6Y1        ","104000032185","BARRA 27","66","9","13","7"
"CACRIOAS28DMX01     ","10.0.127.128","C25W6Y1        ","104000032312","BARRA 28","66","9","13","7"
"CACRIOAS29DMX01     ","10.0.127.129","CJZS6Y1        ","104000032186","BARRA 29","66","9","13","7"
"CACRIOAS30DMX01     ","10.0.127.130","CCDW6Y1        ","104000032198","BARRA 30","66","9","13","7"
"CACRIOAS31DMX01     ","10.0.127.131","C4QT6Y1        ","104000032196","BARRA 31","66","9","13","7"
"CACRIOAS32DMX01     ","10.0.127.132","MJ01PGHK       ","104000032759","BARRA 32","66","20","34","7"
"CACRIOAS33DMX01","10.0.127.133","MJ01PG7B","104000032760","BARRA 33","66","20","34","7"
"CACRIOAS34DMX01","10.0.127.154","MJ01PNX9",,"BARRA 34","66","20","34","7"
"CACRIOAS35DMX01","10.0.127.155","MJ01PG82","104000032762","BARRA 35","66","20","34","7"
"CACRIOAS36DMX01     ","10.0.127.156","MJ01PNPR       ","104000032763","BARRA 36","66","20","34","7"
"CACRIOAS37DMX01     ","10.0.127.157","MJ01PGDG       ","104000032764","BARRA 37","66","20","34","7"
"CACRIOAS38DMX01     ","10.0.127.158","MJ01PNX5       ","104000032765","BARRA 38","66","20","34","7"
"CACRIOAS39DMX01     ","10.0.127.159","MJ01PP2J       ","104000032766","BARRA 39","66","20","34","7"
"CACRIOAS40DMX01     ","10.0.127.160","MJ01PNSK       ","104000032767","BARRA 40","66","20","34","7"
"CACRIOAS41DMX01     ","10.0.127.161","MJ01PGA5       ","104000032768","BARRA 41","66","20","34","7"
"CACRIOAS42DMX01     ","10.0.127.162","MJ01PGDD       ","104000032769","BARRA 42","66","20","34","7"
"CACRIOAS43DMX01     ","10.0.127.163","MJ01PG8Q       ","104000032770","BARRA 43","66","20","34","7"
"CACRIOAS44DMX01","10.0.127.164","MJ01PGAP","104000032771","BARRA 44","66","20","34","7"
"CACRIOAS46DMX01     ","10.0.127.166","C43T6Y1        ","104000032189","MODULO A (AS46)","66","9","13","7"
"CACRIOAS47DMX01     ","10.0.127.167","C9YW6Y1        ","104000032195","MODULO B (AS47)","66","9","13","7"
"CACRIOAS48DMX01     ","10.0.127.168","3B0SXQ1        ","104000031752","MODULO C","66","9","2","7"
"CACRIOCA01DMX01","10.0.127.146","MXL52226WQ","104000032972","CAJA 1","66","18","1","7"
"CACRIOCA02DMX01     ","10.0.127.147","MXL3492H2W     ","104000032570","CAJA2","66","18","18","7"
"CACRIOCA03DMX01     ","10.0.127.148","74MZNN1        ","104000031566","CAJA 3","66","9","12","7"
"CACRIOCA04DMX01     ","10.0.127.149","MXL3492H2C     ","104000032571","CAJA 4","66","18","18","7"
"CACRIOCA05DMX01     ","10.0.127.150","MXL3492H1R     ","104000032569","CAJA 5","66","18","18","7"
"CACRIOJE01DMX01     ","10.0.127.30 ","CHST6Y1        ","104000032437","JEFATURA","66","9","13","7"
"CACRIORE01DMX01     ","10.0.127.170","C98W6Y1        ","104000032188","RECEPCION","66","9","13","7"
"CACRIOST01DMX01","10.0.127.141","3BBWXQ1","104000031751","SERTEC 01","66","9","2","7"
"CACRIOST02DMX01     ","10.0.127.142","6STQVV1        ","104000032037","SERTEC 02","66","9","13","7"
"CACRIOST03DMX01     ","10.0.127.143","MXL51524PL     ","104000032922","SERTEC 03","66","18","1","7"
"CACRIOST04DMX01     ","10.0.127.144","5JVTNW1        ","104000032100","SERTEC 04","66","9","13","7"
"CACRIOSU01DMX01     ","10.0.127.151","F3NBTW1        ","104000032135","SUPERVISOR 1","66","9","13","7"
"CACRIOSU02DMX01 ","10.0.127.152","C26W6Y1        ","104000032215","SUPERVISOR 2","66","9","13","7"
"PRODIGY-RIO2 ","192.168.1.76","3B9WXQ1","104000031753","SERTEC-DESBLOQUEOS","66","9","2","7"
"INFINITUM-RIO","192.168.1.75","MXL5242HSJ     ","104000033077","DESBLOQUEOS","66","18","1","7"
,"USB","CN4CNHN0NW","105000031750","BARRA 1 Y 2","66","18","20","6"
,"USB","MXKF389695","105000031424","BARRA 3 Y 4","66","16","41","9"
,"USB","MXKF357312","105000031463","BARRA 5 Y 6","66","16","41","9"
,"USB","MXKF352573","105000031496","BARRA 7 Y 8","66","16","41","9"
,"USB","MXKF357347","105000031456","BARRA 9 Y 10","66","16","41","9"
,,"J4B6301795","105000030754","BARRA 11 Y 12","66","16","40","9"
"MXTACRIOCOR00","10.0.127.219","CNB9089195","105000031083","BARRA 13 Y 14","66","18","30","6"
"MXTACRIOCOR01","10.0.127.220","VNG4813970","105000031523","BARRA 15 Y 16","66","18","30","6"
"MXTACRIOCOR02","10.0.127.221","PHGFB42262","105000031647","BARRA 17 Y 18","66","18","30","6"
"MXTACRIOCOR03","10.0.127.222","PHGFB42260","105000031648","BARRA 19 Y 20","66","18","30","6"
"MXTACRIOCOR04","10.0.127.223","PHGFG22816","105000031639","BARRA 21 Y 22","66","18","30","6"
"MXTACRIOCOR05","10.0.127.224","VNB3B01454","105000031268","BARRA 23 Y 24","66","18","30","6"
"MXTACRIOCOR06","10.0.127.225","PHGFB42254","105000031651","BARRA 25 Y 26","66","18","30","6"
"MXTACRIOCOR07","10.0.127.226","PHGFG22110","105000031606","BARRA 28 Y 29","66","18","30","6"
"MXTACRIOCOR08","10.0.127.227","PHGFD20142","105000031558","BARRA 30 Y 31","66","18","30","6"
"MXTACRIOCOR09","10.0.127.228","CNB9096078","105000031089","BARRA 32 Y 33","66","18","39","8"
"MXTACRIOCOR10","10.0.127.229","PHGFB69022","105000031777","BARRA 35 Y 36","66","18","30","6"
"MXTACRIOCOR11","10.0.127.230","PHGFD20171","105000031564","BARRA 38 Y 39","66","18","30","6"
"MXTACRIOCOR12","10.0.127.231","VNB3R12887","105000031182","BARRA 40 Y 41","66","18","39","8"
"MXTACRIOCOR13","10.0.127.232","VNB3X15772","105000031213","BARRA 42 Y 43","66","18","30","6"
"MXTACRIOCOR14","10.0.127.233","PHGFC42136","105000031638","BARRA 44 Y 45","66","18","30","6"
"MXTACRIOCOR15","10.0.127.234","PHGFB42259","105000031641","MODULO ""A""","66","18","30","6"
"MXTACRIOCOR23","10.0.127.242","PHGFB42257","105000031642","BARRA 33 Y 34","66","18","30","6"
"MXTACRIOCOR24","10.0.127.243","PHGFB42261","105000031643","MODULO ""B""","66","18","30","6"
"MXTACRIOCOR25","10.0.127.244","PHGFB42264","105000031644","SERTEC","66","18","30","6"
"MXTACRIOCOR26","10.0.127.245","PHGFB42263","105000031645","ALMACEN","66","18","30","6"
"MXTACRIOCOR27","10.0.127.246","PHGFB42258","105000031646","CAJAS","66","18","30","6"
"NO TIENE","USB","VNG4813960","105000031517",,"66","18","30","6"
"NO TIENE","USB","VNB5P02173","105000031505",,"66","18","30","6"
"NO TIENE","USB","CNGKB30157","105000030261",,"66","18","58","6"
"MXTACRIOCOR21","10.0.127.240","VNB4M15264","105000031282",,"66","18","30","6"
"MXTACRIOCOR19","10.0.127.238","CNBCD2N1H3","105000031173",,"66","18","59","6"
"MXTACRIOCOR20","10.0.127.239","79G68V6","105000031241",,"66","15","60","6"
,"10.0.127.217","715TW1074B5N1300152","105000031687","BARRA TRASERA","66","14","43","10"
,"10.0.127.218","55DU630423","105000031771","BARRA TRASERA","66","14","44","10"
,"10.0.127.213","4BAHL70699","105000031662","BARRA TRASERA","66","14","44","10"
"CACRIO3GLMX01","INFINITUM","5CG5240PTP     ","104000032809","SERTEC","66","18","43","10"
"CACROSAC01DMX01","10.8.17.44  ","C0WW6Y1        ","1.04E+11","ALMACEN ","74","9","13","7"
"CACROSAC02DMX01","10.8.17.45  ","C0MT6Y1        ","1.04E+11","ALMACEN ","74","9","13","7"
"CACROSAC03DMX01","10.8.17.48  ","CX2RKM1        ","1.04E+11","ALMACEN ","74","9","12","7"
"CACROSAS01DMX01","10.8.17.11  ","C2RV6Y1        ","1.04E+11","BARRA 1","74","9","13","7"
"CACROSAS02DMX01","10.8.17.12  ","G15RRW1        ","1.04E+11","BARRA 2","74","9","13","7"
"CACROSAS03DMX01","10.8.17.13  ","C05V6Y1        ","1.04E+11","BARRA 3","74","9","13","7"
"CACROSAS04DMX01","10.8.17.14  ","C26V6Y1        ","1.04E+11","BARRA 4","74","9","13","7"
"CACROSAS05DMX01","10.8.17.15  ","C6BV6Y1        ","1.04E+11","BARRA 5","74","9","13","7"
"CACROSAS06DMX01","10.8.17.16  ","C33W6Y1        ","1.04E+11","BARRA 6","74","9","13","7"
"CACROSAS07DMX01","10.8.17.17  ","C2CV6Y1        ","1.04E+11","BARRA 7","74","9","13","7"
"CACROSAS08DMX01","10.8.17.18  ","C2SV6Y1        ","1.04E+11","BARRA 8","74","9","13","7"
"CACROSAS11DMX01","10.8.17.21  ","CJ4T6Y1        ","1.04E+11","BARRA 11","74","9","13","7"
"CACROSAS12DMX01","10.8.17.22  ","C0HV6Y1        ","1.04E+11","BARRA 12","74","9","13","7"
"CACROSAS13DMX01","10.8.17.23  ","C4NV6Y1        ","1.04E+11","BARRA 13","74","9","13","7"
"CACROSAS14DMX01","10.8.17.24  ","C38V6Y1        ","1.04E+11","BARRA 14","74","9","13","7"
"CACROSAS15DMX01","10.8.17.25  ","C49W6Y1        ","1.04E+11","BARRA 15","74","9","13","7"
"CACROSAS16DMX01","10.8.17.26  ","3CC7KS1        ","1.04E+11","BARRA 16","74","9","2","7"
"CACROSAS17DMX01","10.8.17.27  ","3CR7KS1        ","1.04E+11","BARRA 17","74","9","2","7"
"CACROSAS18DMX01","10.8.17.28  ","DRK47V1        ","1.04E+11","BARRA 18","74","9","13","7"
"CACROSAS19DMX01","10.8.17.29  ","DRL87V1        ","1.04E+11","BARRA 19","74","9","13","7"
"CACROSAS20DMX01","10.8.17.35  ","C1CT6Y1        ","1.04E+11","BARRA 20","74","9","13","7"
"CACROSCA01DMX01","10.8.17.40  ","MXL3492G9H     ","1.04E+11","CAJAS","74","18","18","7"
"CACROSCA02DMX01","10.8.17.41  ","MXL3492H0X     ","1.04E+11","CAJAS","74","18","18","7"
"CACROSCA03DMX01","10.8.17.42  ","MXL3492GD4     ","1.04E+11","CAJAS","74","18","18","7"
"CACROSJE01DMX01","10.8.17.30  ","C6CT6Y1        ","1.04E+11","JEFATURA","74","9","13","7"
"CACROSRE01DMX01","10.8.17.36  ","C53X6Y1        ","1.04E+11","RECEPCION","74","9","13","7"
"LISTA DE PRECIOS",,"C31X6Y1","1.04E+11","RECEPCION","74","9","13","7"
"CACROSST01DMX01","10.8.17.46  ","C2WW6Y1        ","1.04E+11","SERTEC ","74","9","13","7"
"CACROSST02DMX01","10.8.17.47  ","9MGGRW1        ","1.04E+11","SERTEC ","74","9","13","7"
"CACROSST03DMX01","10.8.17.49","F5XFDP1","1.04E+11","SERTEC ","74","9","12","7"
"PICHU-D5E17225F","192.168.1.64","65ZXY91","1.04E+11","SERTEC ","74","9","27","7"
"INFINITUM-ROS","AUTOMATICA","MXL5242HSK","1.04E+11","SERTEC ","74","18","1","10"
"CACROSSU01DMX01","10.8.17.19  ","C05X6Y1        ","1.04E+11","BARRA 9","74","9","13","7"
"MXCACROSCOR01  ","10.8.17.50  ","54PJ6V1        ","1.04E+11","SITE","74","9","2","7"
"SERVCAMROS     ","10.8.17.65  ","2R85B71        ","ILEGIBLE","SITE","74","9","29","7"
"MXTACROSCOR19","10.8.17.225","PHGFG20448","1.05E+11","ALMACEN","74","18","30","6"
"MXTACROSCOR01","10.8.17.226","PHGFC58470","1.05E+11","BARRA 1/2","74","18","30","6"
"MXTACROSCOR02","10.8.17.227","PHGFC58477","1.05E+11","BARRA 3/4","74","18","30","6"
"MXTACROSCOR03","10.8.17.228","VNB5P02427","1.05E+11","BARRA 5/6","74","18","30","6"
"MXTACROSCOR04","10.8.17.229","PHGFC58468","1.05E+11","BARRA 7/8","74","18","30","6"
"MXTACROSCOR06","10.8.17.231","PHGFC58475","1.05E+11","BARRA 11/12","74","18","30","6"
"MXTACROSCOR07","10.8.17.232","PHGFC58447","1.05E+11","BARRA 13/14","74","18","30","6"
"MXTACROSCOR08","10.8.17.233","VNG3704439","1.05E+11","BARRA 15/16","74","18","30","6"
"MXTACROSCOR09","10.8.17.234","VNB4F15332","1.05E+11","BARRA 17/18","74","18","30","6"
"MXTACROSCOR10","10.8.17.235","PHGFC58472","1.05E+11","TRAS BARRA 19/20","74","18","30","6"
,"10.8.17.224","7463479905W53","1.05E+11","CAJAS","74","15","19","6"
,"USB","CN4CNHV0NY","1.05E+11","JEFATURA","74","18","20","6"
"MXTACROSCOR21","10.8.17.223","PHGFC58474","1.05E+11","SERVICIO TECNICO","74","18","30","6"
,,"J4BG004949","1.05E+11","CHECADOR","74","16","40","9"
,,"MXKF354584","1.05E+11","RECEPCION","74","16","41","9"
,,"MXDF230244","1.05E+11","CAJA 01","74","16","41","9"
,,"MXKF352841","1.05E+11","CAJA 02","74","16","41","9"
,,"MXKF352821","1.05E+11","CAJA 03","74","16","41","9"
,"USB","CN74JSR121","1.05E+11","JEFATURA","74","18","42","10"
,"10.8.17.219","715TW1074C5N1300112","1.05E+11","TRAS BARRAS","74","14","43","10"
,"10.8.17.218","4BAHL70672","1.05E+11","TRAS BARRAS","74","14","44","10"
"CACTKTAC01DMX01","10.8.15.40  ","C6FV6Y1        ","1040-32221",,"74","9","13","7"
"CACTKTAC02DMX01","10.8.15.43  ","9LSGRW1        ","1040-32169     ",,"74","9","13","7"
"CACTKTAC03DMX01","10.8.15.44  ","CX2QKM1        ","1040-31490     ",,"74","9","12","7"
"CACTKTAS04DMX01","10.8.15.14  ","2XZ3SL1        ","1040-31463     ",,"74","9","12","7"
"CACTKTAS05DMX01","10.8.15.15  ","C0GT6Y1        ","1040-32226     ",,"74","9","13","7"
"CACTKTAS06DMX01","10.8.15.16  ","BZTT6Y1        ","1040-32227     ",,"74","9","13","7"
"CACTKTAS08DMX01","10.8.15.18  ","C2FV6Y1        ","1040-32228     ",,"74","9","13","7"
"CACTKTAS09DMX01","10.8.15.19  ","C2MW6Y1        ","1040-32229     ",,"74","9","13","7"
"CACTKTAS10DMX01","10.8.15.20  ","C0CW6Y1        ","1040-32230     ",,"74","9","13","7"
"CACTKTAS11DMX01","10.8.15.21  ","C2GT6Y1        ","1040-32231     ",,"74","9","13","7"
"CACTKTAS12DMX01","10.8.15.22  ","CJ8V6Y1        ","1040-32232     ",,"74","9","13","7"
"CACTKTAS13DMX01","10.8.15.23  ","C0NV6Y1        ","1040-32233     ",,"74","9","13","7"
"CACTKTAS14DMX01","10.8.15.24  ","C64T6Y1        ","1040-32222     ",,"74","9","13","7"
"CACTKTAS15DMX01","10.8.15.25  ","C1JW6Y1        ","1040-32223     ",,"74","9","13","7"
"CACTKTAS16DMX01","10.8.15.13  ","C63X6Y1        ","1040-32224     ",,"74","9","13","7"
"CACTKTAS20DMX01","10.8.15.34  ","C1NV6Y1        ","1040-32225     ",,"74","9","13","7"
"CACTKTAS21DMX01","10.8.15.33  ","2XZCSL1        ","1040-31462     ",,"74","9","12","7"
"CACTKTCA01DMX01","10.8.15.39  ","MXL537253B     ","1040-32823",,"74","18","1","7"
"CACTKTCA02DMX01","10.8.15.38  ","74F0PN1        ","1040-31571     ",,"74","9","12","7"
"CACTKTCA03DMX01","10.8.15.37  ","74F1PN1        ","1040-31572     ",,"74","9","12","7"
"CACTKTJE01DMX01","10.8.15.30","BZVT6Y1",,"JEFATURA","73","9","13","7"
"CACTKTRE01DMX01","10.8.15.36  ","C10V6Y1        ","1040-32235     ",,"74","9","13","7"
"CACTKTST01DMX01","10.8.15.41  ","C2KW6Y1        ","1040-32236     ",,"74","9","13","7"
"CACTKTST02DMX01","10.8.15.42  ","DWJ3JL1        ","1040-31402     ",,"74","9","12","7"
"CACTKTSU01DMX01","10.8.15.17  ","C1ST6Y1        ","1040-32237     ",,"74","9","13","7"
"MXCACTKTCOR01  ","10.8.15.50  ","3CZ4KS1        ","1040-31937     ",,"74","9","2","7"
"DESBLOQUEOS","DINAMICA","MXL5242DRM","1040-33086",,"74","18","1","10"
"DESBLOQUEOS","DINAMICA","239TS91","1040-30708",,"74","9","31","7"
"MXTACTKTCOR01","10.8.15.224","PHGFC58252","1050-31727","Barra 14 y 15","74","18","30","6"
"MXTACTKTCOR02","10.8.15.225","PHGFG33172","1050-31716","Barra 16 y 17","74","18","30","6"
"MXTACTKTCOR03","10.8.15.226","PHGFC58253","1050-31728","Barra 4 y 5","74","18","30","6"
"MXTACTKTCOR04","10.8.15.227","PHGFG20455","1050-31707","Barra 6 y 7","74","18","30","6"
"MXTACTKTCOR05","10.8.15.228","PHGFC58251","1050-31729","Barra 8 y 9","74","18","30","6"
"MXTACTKTCOR06","10.8.15.229","PHGFD54625","1050-31730","Barra 10 y 11","74","18","30","6"
"MXTACTKTCOR07","10.8.15.230","PHGFD54626","1050-31734","Barra 12 y 13","74","18","30","6"
"MXTACTKTCOR08","10.8.15.231","PHGFC58261","1050-31731","Modulo A","74","18","30","6"
"MXTACTKTCOR12","10.8.15.220","PHGFD54627","1050-31735","Atrás de barra 11 y 12","74","18","30","6"
"MXTACTKTCOR13","10.8.15.221","PHGFC58258","1050-31732","Almacen","74","18","30","6"
"MXTACTKTCOR14","10.8.15.222","CNRXG63532","1050-ILEGIBLE","Cajas","74","18","45","6"
"MXTACTKTCOR15","10.8.15.223","PHGFD54624","1050-31733","Servicio Tecnico","74","18","30","6"
,"LOCAL","CN56G1Z1QZ","1050-30306","JEFATURA","74","18","47","6"
,"LOCAL","MXKF357291","1050-ILEGIBLE","Caja 1","74","16","41","9"
,"LOCAL","ELKNJKA15110346","1050-31840","Caja 2","74","48","46","9"
,"LOCAL","MXKF387675","1050-31588","Caja 3","74","16","41","9"
,"LOCAL","ELKNJKA16030102","1050-31847","Recepcion","74","48","46","9"
,"LOCAL","J4BG004946","ILEGIBLE","Checador","74","16","41","9"
,"10.8.15.218","4BAHL70700","1050-31673","ATRÁS 4 Y 5","74","14","44","10"
,"10.8.15.219","737TW1079B5N1400139","1050-30877","ATRÁS 9 Y 10","74","14","43","10"
,"LOCAL","CN246AB11Z","1050-31187","JEFATURA","74","18","47","6"
"CACTKT3GLMX01","DINAMICA","5CG5240ST6","1040-32808","SERVICIO TECNICO","74","18","35","6"
"CACABOAC01DMX01","192.1.207.135","C2HQJM1        ","1",,"86","9","12","7"
"CACABOAC02DMX01","192.1.207.136","2XJ3JL1        ","2",,"86","9","12","7"
"CACABOAC03DMX01","192.1.207.137","F5TKDP1        ","3",,"86","9","12","7"
"CACABOAS02DMX01","192.1.207.101","JWVLCX1        ","4",,"86","9","13","7"
"CACABOAS03DMX01","192.1.207.103","MXL51524V3     ","5",,"86","18","1","7"
"CACABOAS04DMX01","192.1.207.104","JWSYCX1        ","6",,"86","9","13","7"
"CACABOAS05DMX01","192.1.207.105","JT7V7Y1        ","7",,"86","9","13","7"
"CACABOAS06DMX01","192.1.207.106","F4WYCX1        ","8",,"86","9","13","7"
"CACABOAS07DMX01","192.1.207.107","MXL3492GBN     ","9",,"86","18","18","7"
"CACABOAS08DMX01","192.1.207.108","MXL3492H1J     ","10",,"86","18","18","7"
"CACABOAS09DMX01","192.1.207.109","MXL3492H1M     ","11",,"86","18","18","7"
"CACABOAS10DMX01","192.1.207.110","MXL3492GC5     ","12",,"86","18","18","7"
"CACABOAS11DMX01","192.1.207.111","MXL3492G9G     ","13",,"86","18","18","7"
"CACABOAS12DMX01","192.1.207.112","MXL3492GB6     ","14",,"86","18","18","7"
"CACABOAS13DMX01","192.1.207.113","MXL3492G9N     ","15",,"86","18","18","7"
"CACABOAS14DMX01","192.1.207.114","MXL3492H10     ","16",,"86","18","18","7"
"CACABOAS15DMX01","192.1.207.115","MXL3492GBR     ","17",,"86","18","18","7"
"CACABOAS16DMX01","192.1.207.116","MXL3492GBH     ","18",,"86","18","18","7"
"CACABOAS17DMX01","192.1.207.117","MXL3492GB2     ","19",,"86","18","18","7"
"CACABOAS18DMX01","192.1.207.118","2YH9SL1        ","20",,"86","9","12","7"
"CACABOAS19DMX01","192.1.207.119","MXL3492GCG     ","21",,"86","18","18","7"
"CACABOAS20DMX01","192.1.207.150","F5PLDP1        ","22",,"86","9","12","7"
"CACABOAS21DMX01","192.1.207.121","CH5W6Y1        ","23",,"86","9","13","7"
"CACABOAS22DMX01","192.1.207.122","MXL5452P0M     ","24",,"86","18","1","7"
"CACABOAS23DMX01","192.1.207.123","CDDV6Y1        ","25",,"86","9","13","7"
"CACABOAS24DMX01","192.1.207.124","3B8XXQ1        ","26",,"86","9","2","7"
"CACABOAS25DMX01","192.1.207.125","CK3T6Y1        ","27",,"86","9","13","7"
"CACABOAS26DMX01","192.1.207.126","F5RHDP1        ","28",,"86","9","12","7"
"CACABOAS27DMX01","192.1.207.127","5DKVNW1        ","29",,"86","9","13","7"
"CACABOAS28DMX01","192.1.207.128","C4FV6Y1        ","30",,"86","9","13","7"
"CACABOAS29DMX01","192.1.207.129","MXL41001H9     ","31",,"86","18","18","7"
"CACABOAS30DMX01","192.1.207.130","2YHBSL1        ","32",,"86","9","12","7"
"CACABOAS31DMX01","192.1.207.131","3B7XXQ1        ","33",,"86","9","2","7"
"CACABOAS33DMX01","192.1.207.102","CHDT6Y1        ","34",,"86","9","13","7"
"CACABOCA01DMX01","192.1.207.142","CH7T6Y1        ","35",,"86","9","13","7"
"CACABOCA02DMX01","192.1.207.143","CK9V6Y1        ","36",,"86","9","13","7"
"CACABOCA03DMX01","192.1.207.144","CJ9T6Y1        ","37",,"86","9","13","7"
"CACABOCA04DMX01","192.1.207.145","MXL52226VJ     ","38",,"86","18","1","7"
"CACABOJE01DMX01","192.1.207.30 ","JWTVCX1        ","39",,"86","9","13","7"
"CACABORE01DMX01","192.1.207.166","MXL51524PG     ","40",,"86","18","1","7"
"CACABOST01DMX01","192.1.207.138","CH1T6Y1        ","41",,"86","9","13","7"
"CACABOST02DMX01","192.1.207.139","C3LW6Y1        ","42",,"86","9","13","7"
"CACABOST03DMX01","192.1.207.140","MXL51524TF     ","43",,"86","18","1","7"
"CACABOSU01DMX01","192.1.207.146","JWTJCX1        ","44",,"86","9","13","7"
"CACABOSU02DMX01","192.1.207.132","54CL6V1        ","45",,"86","9","2","7"
"CACSNJAC01DMX01","10.1.7.40   ","J61RXQ1        ","46",,"87","9","2","7"
"CACSNJAC02DMX01","10.1.7.38   ","J63PXQ1        ","47",,"87","9","2","7"
"CACSNJAC03DMX01","10.1.7.39   ","CX2SKM1        ","48",,"87","9","12","7"
"CACSNJAS01DMX01","10.1.7.11   ","J60LXQ1        ","49",,"87","9","2","7"
"CACSNJAS02DMX01","10.1.7.12   ","J5TNXQ1        ","50",,"87","9","2","7"
"CACSNJAS04DMX01","10.1.7.14   ","J61QXQ1        ","51",,"87","9","2","7"
"CACSNJAS05DMX01","10.1.7.15   ","J5SNXQ1        ","52",,"87","9","2","7"
"CACSNJAS06DMX01","10.1.7.16   ","J5TMXQ1        ","53",,"87","9","2","7"
"CACSNJAS07DMX01","10.1.7.17   ","J5QRXQ1        ","54",,"87","9","2","7"
"CACSNJAS08DMX01","10.1.7.18   ","3B0VXQ1        ","55",,"87","9","2","7"
"CACSNJAS09DMX01","10.1.7.19   ","J5SRXQ1        ","56",,"87","9","2","7"
"CACSNJAS10DMX01","10.1.7.20   ","J65MXQ1        ","57",,"87","9","2","7"
"CACSNJAS11DMX01","10.1.7.21   ","J5SMXQ1        ","58",,"87","9","2","7"
"CACSNJAS12DMX01","10.1.7.22   ","F5QFDP1        ","59",,"87","9","12","7"
"CACSNJAS13DMX01","10.1.7.23   ","MXL5452MS1     ","60",,"87","18","1","7"
"CACSNJAS14DMX01","10.1.7.24   ","2Y76SL1        ","61",,"87","9","12","7"
"CACSNJAS15DMX01","10.1.7.25   ","2XZ7SL1        ","62",,"87","9","12","7"
"CACSNJAS17DMX01","10.1.7.31   ","MXL537253Q     ","63",,"87","18","1","7"
"CACSNJCA01DMX01","10.1.7.26   ","74DZNN1        ","64",,"87","9","12","7"
"CACSNJCA02DMX01","10.1.7.27   ","74X0PN1        ","65",,"87","9","12","7"
"CACSNJCA03DMX01","10.1.7.28   ","74F2PN1        ","66",,"87","9","12","7"
"CACSNJJE01DMX01","10.1.7.30   ","MXL51524S3     ","67",,"87","18","1","7"
"CACSNJRE01DMX01","10.1.7.33   ","39YRXQ1        ","68",,"87","9","2","7"
"CACSNJST01DMX01","10.1.7.35   ","3B7ZXQ1        ","69",,"87","9","2","7"
"CACSNJST02DMX01","10.1.7.36   ","J5ZPXQ1        ","70",,"87","9","2","7"
"CACSNJST03DMX01","10.1.7.37   ","F5SFDP1        ","71",,"87","9","12","7"
"CACSNJSU01DMX01","10.1.7.41   ","CC5W6Y1        ","72",,"87","9","13","7"
"TAT91D601DMX01","10.1.34.108 ","CYXYHS1        ","73",,"158","9","2","7"
"TVC81F001DMX01","10.1.34.100 ","MJ01PNSR       ","74",,"158","20","34","7"
"TGE50E001LMX01","10.1.34.31  ","92ZWYN1        ","75",,"158","9","30","8"
"TGEE0CE01LMX01","10.1.34.105 ","BX9NTY1        ","76",,"158","9","35","8"
"TVC8E0201LMX01","10.1.34.110","1GGRRY1",,"VENDEDOR","158",,"21","8"
"TVC29ED01LMX01","10.1.34.30  ","5CG4290LVB     ","78",,"158","18","21","8"
"TVCC73F01LMX01","10.1.34.102 ","5CG4290MDH     ","79",,"158","18","21","8"
"TVCC48901LMX01","10.1.34.101 ","44LRRY1        ","80",,"158","9","21","8"
"TVCD66301LMX01","10.1.34.165 ","5CG5385JPB     ","81",,"158","18","21","8"
"CACMX1AC01DMX01","192.1.204.61 ","J5C1KS1","104000031930","ALMACEN (AC01)","77","9","2","7"
"CACMX1AC02DMX01","192.1.204.76 ","JSSS7Y1        ","82",,"77","9","13","7"
"CACMX1AC03DMX01","192.1.204.60 ","CX1VKM1        ","83",,"77","9","12","7"
"CACMX1AS03DMX01","192.1.204.33 ","C39V6Y1        ","84",,"77","9","13","7"
"CACMX1AS05DMX01","192.1.204.35 ","JT9R7Y1        ","85",,"77","9","13","7"
"CACMX1AS06DMX01","192.1.204.36 ","D0J4DP1        ","86",,"77","9","12","7"
"CACMX1AS07DMX01","192.1.204.37 ","C0HW6Y1        ","87",,"77","9","13","7"
"CACMX1AS08DMX01","192.1.204.38 ","C4FT6Y1        ","88",,"77","9","13","7"
"CACMX1AS09DMX01","192.1.204.39 ","F5PFDP1        ","89",,"77","9","12","7"
"CACMX1AS10DMX01","192.1.204.40 ","F5WKDP1        ","90",,"77","9","12","7"
"CACMX1AS11DMX01","192.1.204.41 ","D0M6DP1        ","91",,"77","9","12","7"
"CACMX1AS12DMX01","192.1.204.42 ","C46X6Y1        ","92",,"77","9","13","7"
"CACMX1AS13DMX01","192.1.204.43 ","C01X6Y1        ","93",,"77","9","13","7"
"CACMX1AS14DMX01","192.1.204.44 ","D0K4DP1        ","94",,"77","9","12","7"
"CACMX1AS15DMX01","192.1.204.45 ","C4VT6Y1        ","95",,"77","9","13","7"
"CACMX1AS16DMX01","192.1.204.46 ","JT2R7Y1        ","96",,"77","9","13","7"
"CACMX1AS17DMX01","192.1.204.47 ","C5LT6Y1        ","97",,"77","9","13","7"
"CACMX1AS18DMX01","192.1.204.48 ","C2XT6Y1        ","98",,"77","9","13","7"
"CACMX1AS19DMX01","192.1.204.49 ","D0N7DP1        ","99",,"77","9","12","7"
"CACMX1AS20DMX01","192.1.204.50 ","C5NW6Y1        ","100",,"77","9","13","7"
"CACMX1AS21DMX01","192.1.204.51 ","C3TT6Y1        ","101",,"77","9","13","7"
"CACMX1AS22DMX01","192.1.204.52 ","2Z0BSL1        ","102",,"77","9","12","7"
"CACMX1AS23DMX01","192.1.204.53","MXL51525NK",,"BARRA 23","77","18","1","7"
"CACMX1AS28DMX01","192.1.204.58 ","2YZBSL1        ","104000031453","BARRA 27","77","9","12","7"
"CACMX1CA01DMX01","192.1.204.71 ","MXL3492GCD     ","104",,"77","18","18","7"
"CACMX1CA02DMX01","192.1.204.72 ","MXL3492GCL     ","105",,"77","18","18","7"
"CACMX1CA03DMX01","192.1.204.73 ","MXL3492GD5     ","106",,"77","18","18","7"
"CACMX1CA04DMX01","192.1.204.74 ","MXL3492GCH     ","107",,"77","18","18","7"
"CACMX1JE01DMX01","192.1.204.30","3F39KS1",,"JEFATURA","77","9","2","7"
"CACMX1RE01DMX01","192.1.204.70 ","C3ZW6Y1        ","109",,"77","9","13","7"
"CACMX1ST01DMX01","192.1.204.77 ","C4YT6Y1        ","104000032381","SERVICIO TECNICO","77","9","13","7"
"CACMX1ST02DMX01","192.1.204.78 ","JT4N7Y1        ","104000032371","SERVICIO TECNICO","77","9","13","7"
"CACMX1ST03DMX01","192.1.204.79 ","JT8V7Y1        ","104000032372","SERVICIO TECNICO","77","9","13","7"
"CACMX1SU01DMX01","192.1.204.54 ","BYRFJQ1","104000031731","BARRA 24","77","9","2","7"
"CACMX1SU02DMX01","192.1.204.34 ","56JFJQ1        ","104000031725","BARRA 04","77","9","2","7"
"INFINITUM-MXL1 ","192.168.1.102","MXL5242FQ5     ","104000033090","SERVICIO TECNICO","77","18","1","7"
"MXCACMX1COR01  ","192.1.204.130","3F44KS1        ","110",,"77","9","2","7"
"SERVCAMMXL1    ","192.1.204.65 ","B4MY971        ","111",,"77","9","29","7"
"CACMX1LMX01    ",,"5CG51025SC   ",,,"77","18","21","8"
"CACMX2AC02DMX01","10.9.8.59   ","MXL51524PF     ","112",,"78","18","1","7"
"CACMX2AC03DMX01","10.9.8.76   ","F5TGDP1        ","113",,"78","9","12","7"
"CACMX2AS02DMX01","10.9.8.12   ","D0M4DP1        ","114",,"78","9","12","7"
"CACMX2AS03DMX01","10.9.8.13   ","C5GV6Y1        ","115",,"78","9","13","7"
"CACMX2AS04DMX01","10.9.8.14   ","C44T6Y1        ","116",,"78","9","13","7"
"CACMX2AS05DMX01","10.9.8.15   ","C02X6Y1        ","117",,"78","9","13","7"
"CACMX2AS06DMX01","10.9.8.16   ","C0PW6Y1        ","118",,"78","9","13","7"
"CACMX2AS07DMX01","10.9.8.17   ","6TXQVV1        ","119",,"78","9","13","7"
"CACMX2AS08DMX01","10.9.8.18   ","C0BV6Y1        ","120",,"78","9","13","7"
"CACMX2AS09DMX01","10.9.8.19   ","C0TW6Y1        ","121",,"78","9","13","7"
"CACMX2AS10DMX01","10.9.8.20   ","C2PV6Y1        ","122",,"78","9","13","7"
"CACMX2AS11DMX01","10.9.8.21   ","C03W6Y1        ","123",,"78","9","13","7"
"CACMX2AS12DMX01","10.9.8.22   ","C5JV6Y1        ","124",,"78","9","13","7"
"CACMX2AS13DMX01","10.9.8.23   ","C06T6Y1        ","125",,"78","9","13","7"
"CACMX2AS14DMX01","10.9.8.24   ","C4ZS6Y1        ","126",,"78","9","13","7"
"CACMX2AS15DMX01","10.9.8.25   ","C48T6Y1        ","127",,"78","9","13","7"
"CACMX2AS16DMX01","10.9.8.26   ","970H0R1        ","128",,"78","9","2","7"
"CACMX2AS17DMX01","10.9.8.27   ","C0KT6Y1        ","129",,"78","9","13","7"
"CACMX2AS18DMX01","10.9.8.28   ","2YZ9SL1        ","130",,"78","9","12","7"
"CACMX2AS20DMX01","10.9.8.33   ","2YZCSL1        ","—              ",,"78","9","12","7"
"CACMX2CA01DMX01","10.9.8.42   ","MXL3492H0C     ","—              ",,"78","18","18","7"
"CACMX2CA02DMX01","10.9.8.43   ","MXL3492GD9     ","—              ",,"78","18","18","7"
"CACMX2CA03DMX01","10.9.8.44","C0FPJM1",,"CAJA 03","78","9","12","7"
"CACMX2CA04DMX01","10.9.8.46   ","CJ2T6Y1        ","—              ",,"78","9","13","7"
"CACMX2JE01DMX01","10.9.8.30   ","2XMFNN1        ","—              ",,"78","9","12","7"
"CACMX2RE01DMX01","10.9.8.45   ","D0K8DP1        ","—              ",,"78","9","12","7"
"CACMX2ST01DMX01","10.9.8.40   ","C3YT6Y1        ","—              ",,"78","9","13","7"
"CACMX2ST02DMX01","10.9.8.41   ","MXL51524TW     ","—              ",,"78","18","1","7"
"CACMX2ST03DMX01","10.9.8.47   ","54GN6V1        ","—              ",,"78","9","2","7"
"CACMX2SU01DMX01","10.9.8.11   ","9M0HRW1        ","—              ",,"78","9","13","7"
"INFINITUM-MXL2 ","192.168.1.64","MXL5242FM9     ","—              ",,"78","18","1","7"
"MXCACMX2COR01  ","10.9.8.55   ","3BQ7KS1        ","—              ",,"78","9","2","7"
"SERVCAMMXL2    ","10.9.8.65   ","9L2GZ61        ","—              ",,"78","9","29","7"
"CACMX23GLMX01",,"5CG51025TG     ",,,"78","18","21","8"
"CACMX3AC01DMX01","10.9.9.41   ","MXL51524YW     ","—              ",,"79","18","1","7"
"CACMX3AC02DMX01","10.9.9.42   ","BYLGJQ1        ","—              ",,"79","9","2","7"
"CACMX3AC03DMX01","10.9.9.43   ","CX1WKM1        ","—              ",,"79","9","12","7"
"CACMX3AS01DMX01","10.9.9.11   ","BYMDJQ1        ","—              ",,"79","9","2","7"
"CACMX3AS02DMX01","10.9.9.12   ","BYWCJQ1        ","—              ",,"79","9","2","7"
"CACMX3AS03DMX01","10.9.9.13   ","BYXGJQ1        ","—              ",,"79","9","2","7"
"CACMX3AS04DMX01","10.9.9.14   ","BYWDJQ1        ","—              ",,"79","9","2","7"
"CACMX3AS05DMX01","10.9.9.15   ","2Y86SL1        ","—              ",,"79","9","12","7"
"CACMX3AS06DMX01","10.9.9.16   ","BYMFJQ1        ","—              ",,"79","9","2","7"
"CACMX3AS07DMX01","10.9.9.17   ","BYPFJQ1        ","—              ",,"79","9","2","7"
"CACMX3AS08DMX01","10.9.9.18   ","BYWFJQ1        ","—              ",,"79","9","2","7"
"CACMX3AS09DMX01","10.9.9.19   ","BYVDJQ1        ","—              ",,"79","9","2","7"
"CACMX3AS10DMX01","10.9.9.20   ","BYJGJQ1        ","—              ",,"79","9","2","7"
"CACMX3AS11DMX01","10.9.9.21   ","BYQGJQ1        ","—              ",,"79","9","2","7"
"CACMX3AS12DMX01","10.9.9.22   ","BYXFJQ1        ","—              ",,"79","9","2","7"
"CACMX3AS13DMX01","10.9.9.23   ","BYSGJQ1        ","—              ",,"79","9","2","7"
"CACMX3AS15DMX01","10.9.9.25   ","F5RJDP1        ","—              ",,"79","9","12","7"
"CACMX3AS16DMX01","10.9.9.26   ","F5PHDP1        ","—              ",,"79","9","12","7"
"CACMX3AS17DMX01","10.9.9.27   ","DRJ57V1        ","—              ",,"79","9","13","7"
"CACMX3AS21DMX01","10.9.9.32   ","BYQDJQ1        ","—              ",,"79","9","2","7"
"CACMX3JE01DMX01","10.9.9.30   ","MXL537253T     ","—              ",,"79","18","1","7"
"CACMX3RE01DMX01","10.9.9.33   ","2YM8SL1        ","—              ",,"79","9","12","7"
"CACMX3ST01DMX01","10.9.9.38   ","J9K7L02        ","—              ",,"79","9","49          ","7"
"CACMX3ST02DMX01","10.9.9.39   ","MXL43236YX     ","—              ",,"79","18","50","7"
"CACMX3ST03DMX01","10.9.9.40   ","7WJ3JL1        ","—              ",,"79","9","12","7"
"CACMX3SU01DMX01","10.9.9.29   ","2XLCNN1        ","—              ",,"79","9","12","7"
"CACMX3SU02DMX01","10.9.9.28   ","6SGQVV1        ","—              ",,"79","9","13","7"
"SERTEC-PC      ","192.168.1.76","MXL5242HS4     ","—              ",,"79","18","1","7"
"TINEXSN09DMX01 ","10.9.9.31   ","MXL43236W6     ","PONER DATOS COR",,"79","18","50","7"
"CACMX33GLMX01","192.168.1.90","5CG51025XL     ","—              ",,"79","18","21","8"
"CACMX4AC01DMX01","10.9.14.53   ","2WSFNN1        ","—              ",,"80","9","12","7"
"CACMX4AC02DMX01","10.9.14.54   ","B164BP1        ","—              ",,"80","9","12","7"
"CACMX4AC03DMX01","10.9.14.56   ","2WRCNN1        ","—              ",,"80","9","12","7"
"CACMX4AS01DMX01","10.9.14.11   ","JH26NN1        ","—              ",,"80","9","12","7"
"CACMX4AS02DMX01","10.9.14.12   ","DSK57V1        ","—              ",,"80","9","13","7"
"CACMX4AS03DMX01","10.9.14.13   ","JH33NN1        ","—              ",,"80","9","12","7"
"CACMX4AS04DMX01","10.9.14.14   ","2WLDNN1        ","—              ",,"80","9","12","7"
"CACMX4AS05DMX01","10.9.14.15   ","DSGD7V1        ","—              ",,"80","9","13","7"
"CACMX4AS06DMX01","10.9.14.16   ","MXL5452MFB     ","—              ",,"80","18","1","7"
"CACMX4AS07DMX01","10.9.14.17   ","2WSCNN1        ","—              ",,"80","9","12","7"
"CACMX4AS08DMX01","10.9.14.18   ","DSP67V1        ","—              ",,"80","9","13","7"
"CACMX4AS10DMX01","10.9.14.20   ","2WLCNN1        ","—              ",,"80","9","12","7"
"CACMX4AS12DMX01","10.9.14.22   ","2WLFNN1        ","—              ",,"80","9","12","7"
"CACMX4AS14DMX01","10.9.14.24   ","74C1PN1        ","—              ",,"80","9","12","7"
"CACMX4AS15DMX01","10.9.14.25   ","MXL5242DQM     ","—              ",,"80","18","1","7"
"CACMX4AS16DMX01","10.9.14.26   ","2WNCNN1        ","—              ",,"80","9","12","7"
"CACMX4AS17DMX01","10.9.14.27   ","C0CV6Y1        ","—              ",,"80","9","13","7"
"CACMX4AS19DMX01","10.9.14.29   ","2WSBNN1        ","—              ",,"80","9","12","7"
"CACMX4AS21DMX01","10.9.14.31   ","JH13NN1        ","—              ",,"80","9","12","7"
"CACMX4AS23DMX01","10.9.14.33   ","2WMCNN1        ","—              ",,"80","9","12","7"
"CACMX4AS24DMX01","10.9.14.34   ","2WQDNN1        ","—              ",,"80","9","12","7"
"CACMX4AS25DMX01","10.9.14.35   ","2WQCNN1        ","—              ",,"80","9","12","7"
"CACMX4AS27DMX01","10.9.14.37   ","JH24NN1        ","—              ",,"80","9","12","7"
"CACMX4AS34DMX01","10.9.14.58   ","C32T6Y1        ","—              ",,"80","9","13","7"
"CACMX4CA01DMX01","10.9.14.46   ","73N1PN1        ","—              ",,"80","9","12","7"
"CACMX4CA02DMX01","10.9.14.47   ","73P1PN1        ","—              ",,"80","9","12","7"
"CACMX4CA03DMX01","10.9.14.48   ","2WQFNN1        ","—              ",,"80","9","12","7"
"CACMX4CA04DMX01","10.9.14.49   ","73NZNN1        ","—              ",,"80","9","12","7"
"CACMX4CA05DMX01","10.9.14.50   ","MXL5452MDL     ","—              ",,"80","18","1","7"
"CACMX4JE01DMX01","10.9.14.30   ","3DY7KS1        ","—              ",,"80","9","2","7"
"CACMX4ST01DMX01","10.9.14.51   ","2WMDNN1        ","—              ",,"80","9","12","7"
"CACMX4ST03DMX01","10.9.14.55   ","2WKFNN1        ","—              ",,"80","9","12","7"
"CACMX4SU01DMX01","10.9.14.19   ","D0J8DP1        ","—              ",,"80","9","12","7"
"INFINITUM-MXL4 ","192.168.1.230","MXL5242HTT     ","—              ",,"80","18","1","7"
"MXCACMX4COR01  ","10.9.14.60   ","JGZ3NN1        ","—              ",,"80","9","12","7"
"RADIOMOV-4DAE0F","192.168.1.154","D29TS91        ","—              ",,"80","9","17       ","7"
"CACSLCAC01DMX01","192.1.212.136","D0M3DP1        ","—              ",,"81","9","12","7"
"CACSLCAC02DMX01","192.1.212.137","MXL51524PD     ","—              ",,"81","18","1","7"
"CACSLCAS02DMX01","192.1.212.102","3B6SXQ1        ","—              ",,"81","9","2","7"
"CACSLCAS03DMX01","192.1.212.103","MXL51524P7     ","—              ",,"81","18","1","7"
"CACSLCAS04DMX01","192.1.212.104","6CWBSW1        ","—              ",,"81","9","13","7"
"CACSLCAS05DMX01","192.1.212.105","C5FV6Y1        ","—              ",,"81","9","13","7"
"CACSLCAS06DMX01","192.1.212.106","C3XT6Y1        ","—              ",,"81","9","13","7"
"CACSLCAS07DMX01","192.1.212.107","6CG1SW1        ","—              ",,"81","9","13","7"
"CACSLCAS08DMX01","192.1.212.108","2Y77SL1        ","—              ",,"81","9","12","7"
"CACSLCAS10DMX01","192.1.212.110","C3RW6Y1        ","—              ",,"81","9","13","7"
"CACSLCAS11DMX01","192.1.212.111","MXJ8240BQR     ","—              ",,"81","18","27","7"
"CACSLCAS12DMX01","192.1.212.112","C5GW6Y1        ","—              ",,"81","9","13","7"
"CACSLCAS13DMX01","192.1.212.113","2Y7BSL1        ","—              ",,"81","9","12","7"
"CACSLCAS14DMX01","192.1.212.114","C52W6Y1        ","—              ",,"81","9","13","7"
"CACSLCAS16DMX01","192.1.212.116","6CCBSW1        ","—              ",,"81","9","13","7"
"CACSLCAS17DMX01","192.1.212.117","C3LV6Y1        ","—              ",,"81","9","13","7"
"CACSLCAS18DMX01","192.1.212.118","F5WFDP1        ","—              ",,"81","9","12","7"
"CACSLCAS19DMX01","192.1.212.119","5DSWNW1        ","—              ",,"81","9","13","7"
"CACSLCAS20DMX01","192.1.212.120","5DJTNW1        ","—              ",,"81","9","13","7"
"CACSLCAS21DMX01","192.1.212.121","MXL51525NQ     ","—              ",,"81","18","1","7"
"CACSLCAS22DMX01","192.1.212.122","MXL51524YM     ","—              ",,"81","18","1","7"
"CACSLCAS23DMX01","192.1.212.123","C4TV6Y1        ","—              ",,"81","9","13","7"
"CACSLCAS25DMX01","192.1.212.130","C4MT6Y1        ","—              ",,"81","9","13","7"
"CACSLCCA01DMX01","192.1.212.141","8BGLXD1        ","—              ",,"81","9","7","7"
"CACSLCCA02DMX01","192.1.212.142","C7CV6Y1        ","—              ",,"81","9","13","7"
"CACSLCCA03DMX01","192.1.212.143","MXL52226X3     ","—              ",,"81","18","1","7"
"CACSLCCA04DMX01","192.1.212.144","4Y97WL1        ","—              ",,"81","9","12","7"
"CACSLCJE01DMX01","192.1.212.30 ","C4HW6Y1        ","—              ",,"81","9","13","7"
"CACSLCRE01DMX01","192.1.212.132","C42T6Y1        ","—              ",,"81","9","13","7"
"CACSLCST01DMX01","192.1.212.139","G17TRW1        ","—              ",,"81","9","13","7"
"CACSLCST02DMX01","192.1.212.140","MXL51524ZB     ","—              ",,"81","18","1","7"
"CACSLCST03DMX01","192.1.212.145","F5SJDP1        ","—              ",,"81","9","12","7"
"CACSLCSTINDMX01","192.168.1.64 ","101FB81        ","—              ",,"81","9","27","7"
"CACSLCSU01DMX01","192.1.212.101","C5FT6Y1        ","—              ",,"81","9","13","7"
"INFINITUM-SLR  ","192.168.1.65 ","MXL5242FPF     ","—              ",,"81","18","1","7"
"MXCACSLCCOR01  ","192.1.212.125","2YX2JD1        ","—              ",,"81","9","7","7"
"CACLP1AC01DMX01","10.1.5.143  ","C35V6Y1        ","104000032416","ALMACEN 1","82","9","13","7"
"CACLP1AC02DMX01","10.1.5.144  ","C4ST6Y1        ","104000032423","ALMACEN 2","82","9","13","7"
"CACLP1AC03DMX01","10.1.5.145  ","CX2VKM1        ","104000031487","ALMACEN 3","82","9","12","7"
"CACLP1AS05DMX01","10.1.5.105  ","C4NW6Y1        ","104000032418","BARRA 5","82","9","13","7"
"CACLP1AS06DMX01","10.1.5.106  ","C5QT6Y1        ","104000032424","BARRA 6","82","9","13","7"
"CACLP1AS07DMX01","10.1.5.107  ","C45T6Y1        ","104000032419","BARRA 7","82","9","13","7"
"CACLP1AS08DMX01","10.1.5.108  ","CH1V6Y1        ","104000032425","BARRA 8","82","9","13","7"
"CACLP1AS09DMX01","10.1.5.109  ","C5PV6Y1        ","104000032426","BARRA 9","82","9","13","7"
"CACLP1AS10DMX01","10.1.5.110  ","CK6X6Y1        ","104000032427","BARRA 10","82","9","13","7"
"CACLP1AS11DMX01","10.1.5.111  ","HJPJDP1        ","104000031652","BARRA 11","82","9","12","7"
"CACLP1AS12DMX01","10.1.5.112  ","C3ZS6Y1        ","104000032417","BARRA 12","82","9","13","7"
"CACLP1AS13DMX01","10.1.5.113  ","MXL51524PJ     ","104000032903","BARRA 13","82","18","1","7"
"CACLP1AS14DMX01","10.1.5.114  ","GG5GDP1        ","104000031650","BARRA 14","82","9","12","7"
"CACLP1AS15DMX01","10.1.5.115  ","CJ5W6Y1        ","104000032428","BARRA 15","82","9","13","7"
"CACLP1AS16DMX01","10.1.5.116  ","HJLLDP1        ","104000031653","BARRA 16","82","9","12","7"
"CACLP1AS17DMX01","10.1.5.117  ","HJNKDP1        ","104000031657","BARRA 17","82","9","12","7"
"CACLP1AS18DMX01","10.1.5.118  ","C4WV6Y1        ","104000032420","BARRA 18","82","9","13","7"
"CACLP1AS19DMX01","10.1.5.119  ","HJMGDP1        ","104000031656","BARRA 19","82","9","12","7"
"CACLP1AS40DMX01","10.1.5.140  ","C44W6Y1        ","104000032421","KIOSKO","82","9","13","7"
"CACLP1AS41DMX01","10.1.5.141  ","MXL51524RD     ","104000032904","MODULO B","82","18","1","7"
"CACLP1CA01DMX01","10.1.5.151  ","C1MPJM1        ","104000031477","CAJA 1","82","9","12","7"
"CACLP1CA02DMX01","10.1.5.152  ","CJHV6Y1        ","104000032471","CAJA 2","82","9","13","7"
"CACLP1CA03DMX01","10.1.5.153  ","CK2W6Y1        ","104000032470","CAJA 3","82","9","13","7"
"CACLP1CA04DMX01","10.1.5.154  ","CHGV6Y1        ","104000032472","CAJA 4","82","9","13","7"
"CACLP1JE01DMX01","10.1.5.30   ","GG3JDP1        "," 104000031651","JEFATURA","82","9","12","7"
"CACLP1RE01DMX01","10.1.5.32   ","C3DW6Y1        ","104000032422","RECEPCION","82","9","13","7"
"CACLP1ST01DMX01","10.1.5.147  ","3CS6KS1        ","104000031942","SERTEC 1","82","9","2","7"
"CACLP1ST02DMX01","10.1.5.148  ","HJLHDP1        ","104000031654","SERTEC 2","82","9","12","7"
"CACLP1ST04DMX01","10.1.5.149  ","HJPGDP1        ","104000031658","SERTEC 3","82","9","12","7"
"CACLP1SU01DMX01","10.1.5.101  ","9RWZBZ1        ","RC0000000902","SUPERVISOR 1","82","9","13","7"
"CACLP1SU02DMX01","10.1.5.123  ","96Q70R1        ","104000031839","SUPERVISOR 2","82","9","2","7"
"INFINITUM-LPZ1 ","192.168.1.93","MXL5242GY7     ","104000033095","EQUIPO PARA LIBERACION","82","18","1","7"
"MXCACLP1COR01  ","10.1.5.31   ","3DZ7KS1        ","104000031941","SERVIDOR DE IMPRESIÓN","82","9","2","7"
"MXTACLP1COR 11","10.1.5.232","VNB3B18005","1050-31273","BARRA 1 Y 2","82","18","30","6"
"MXTACLP1COR 10","10.1.5.231","PHBQC00195","105000031787","BARRA 19 Y 20","82","18","53","6"
"MXTACLP1COR 09","10.1.5.230","VNB3X25267","1050-31261","BARRA 17 Y 18","82","18","30","6"
"MXTACLP1COR 08","10.1.5.229","PHBQD27703","1050-31861","BARRA 15 Y 16 ","82","18","53","6"
"MXTACLP1COR 07","10.1.5.228","PHBQF27289","1050-31842","BARRA 13 Y 14","82","18","53","6"
"MXTACLP1COR 06","10.1.5.227","PHBQD27705","1050-31864","BARRA 11 Y 12","82","18","53","6"
"MXTACLP1COR 05","10.1.5.226","PHBQF26391","1050-31863","BARRA 9 Y 10","82","18","53","6"
"MXTACLP1COR 04","10.1.5.225","PHGFG20447","1050-31694","BARRA 7 Y 8","82","18","30","6"
"MXTACLP1COR 03","10.1.5.224","VNB3X25099","1050-31234","BARRA 5 Y 6","82","18","30","6"
"MXTACLP1COR 13","10.1.5.223","7463479905T9B","1050-31520","CAJAS","82","18","19","6"
"MXTACLP1COR 15","10.1.5.234","PHGFB22464 ","1050-31545","SERTEC","82","18","30","6"
,,"JPGGL07243","105000030311","ALMACEN","82","18","30","6"
"JEFATURA","S/N","CN27NBK0GH","1050-31208","JEFATURA","82","18","20","6"
,"10.1.5.219","737TW1079B5N1400034","1050-30874","BARRA 30","82","14","43","10"
,"10.1.5.217","4BAHL70704","1050-31667","A UN COSTADO DE BARRA 1","82","14","44","10"
"CACLP13GLMX01","192.168.1.88","5CG5240SYR","1040-32810","SERTEC","82","18","1","10"
"CACLP2AC01DMX01","10.1.13.45  ","MXL52227BZ     ","—              ",,"83","18","1","7"
"CACLP2AC02DMX01","10.1.13.46  ","MXL52225TR     ","—              ",,"83","18","1","7"
"CACLP2AC03DMX01","10.1.13.47  ","MXL52225KL     ","—              ",,"83","18","1","7"
"CACLP2AS03DMX01","10.1.13.13  ","6V5RVV1        ","—              ",,"83","9","13","7"
"CACLP2AS04DMX01","10.1.13.14  ","MXL52225K4     ","—              ",,"83","18","1","7"
"CACLP2AS05DMX01","10.1.13.15  ","MXL52225KZ     ","—              ",,"83","18","1","7"
"CACLP2AS06DMX01","10.1.13.16  ","MXL52225KW     ","—              ",,"83","18","1","7"
"CACLP2AS07DMX01","10.1.13.17  ","MXL52226HF     ","—              ",,"83","18","1","7"
"CACLP2AS08DMX01","10.1.13.18  ","MXL52225KK     ","—              ",,"83","18","1","7"
"CACLP2AS09DMX01","10.1.13.19  ","MXL522265S     ","—              ",,"83","18","1","7"
"CACLP2AS10DMX01","10.1.13.20  ","MXL52226GB     ","—              ",,"83","18","1","7"
"CACLP2AS11DMX01","10.1.13.21  ","CKGV6Y1        ","—              ",,"83","9","13","7"
"CACLP2AS12DMX01","10.1.13.22  ","MXL5222605     ","—              ",,"83","18","1","7"
"CACLP2AS13DMX01","10.1.13.23  ","DSF97V1        ","—              ",,"83","9","13","7"
"CACLP2AS14DMX01","10.1.13.24  ","MXL52226FG     ","—              ",,"83","18","1","7"
"CACLP2AS15DMX01","10.1.13.25  ","MXL5222612     ","—              ",,"83","18","1","7"
"CACLP2AS16DMX01","10.1.13.26  ","MXL52226HQ     ","—              ",,"83","18","1","7"
"CACLP2AS17DMX01","10.1.13.27  ","MXL52225KJ     ","—              ",,"83","18","1","7"
"CACLP2AS18DMX01","10.1.13.28","MXL52225WP",,"ASESOR","83","18","1","7"
"CACLP2AS19DMX01","10.1.13.29  ","MXL52226J1     ","—              ",,"83","18","1","7"
"CACLP2AS20DMX01","10.1.13.56  ","39YYXQ1        ","—              ",,"83","9","2","7"
"CACLP2AS21DMX01","10.1.13.31  ","HZ3CVR1        ","—              ",,"83","9","2","7"
"CACLP2AS22DMX01","10.1.13.32  ","DRQ97V1        ","—              ",,"83","9","13","7"
"CACLP2AS23DMX01","10.1.13.33  ","MXL5222696     ","—              ",,"83","18","1","7"
"CACLP2AS24DMX01","10.1.13.34  ","MXL52226H2     ","—              ",,"83","18","1","7"
"CACLP2AS31DMX01","10.1.13.53  ","3BS3KS1        ","—              ",,"83","9","2","7"
"CACLP2AS32DMX01","10.1.13.55  ","MXL52226H9     ","—              ",,"83","18","1","7"
"CACLP2AS35DMX01","10.1.13.52  ","MXL52225T6     ","—              ",,"83","18","1","7"
"CACLP2CA01DMX01","10.1.13.41  ","C58T6Y1        ","—              ",,"83","9","13","7"
"CACLP2CA02DMX01","10.1.13.42  ","C5HW6Y1        ","—              ",,"83","9","13","7"
"CACLP2CA03DMX01","10.1.13.43  ","CK5V6Y1        ","—              ",,"83","9","13","7"
"CACLP2CA04DMX01","10.1.13.44  ","6Y97WL1        ","—              ",,"83","9","12","7"
"CACLP2JE01DMX01","10.1.13.30  ","9QWZBZ1        ","—              ",,"83","9","13","7"
"CACLP2RE01DMX01","10.1.13.51  ","MXL522267Z     ","—              ",,"83","18","1","7"
"CACLP2ST01DMX01","10.1.13.48  ","MXL52225KG     ","—              ",,"83","18","1","7"
"CACLP2ST02DMX01","10.1.13.49  ","MXL522267G     ","—              ",,"83","18","1","7"
"CACLP2ST03DMX01","10.1.13.50  ","54HP6V1        ","—              ",,"83","9","2","7"
"CACLP2SU01DMX01","10.1.13.12  ","HJLJDP1        ","—              ",,"83","9","12","7"
"CACLP2SU02DMX01","10.1.13.36","HZ4JVR1","104000031855","SUPERVISOR 02","83","9","2","7"
"INFINITUM-LPZ2 ","192.168.1.67","MXL5242HTC     ","—              ",,"83","18","1","7"
"CACLP3AC01DMX01","10.1.61.39  ","9R91CZ1        ","—              ",,"84","9","13","7"
"CACLP3AC02DMX01","10.1.61.38  ","9RPZBZ1        ","—              ",,"84","9","13","7"
"CACLP3AS01DMX01","10.1.61.11  ","9RH0CZ1        ","RC00-0901",,"84","9","13","7"
"CACLP3AS03DMX01","10.1.61.13  ","9RWYBZ1        ","RC00-0903",,"84","9","13","7"
"CACLP3AS04DMX01","10.1.61.14  ","9RXYBZ1        ","RC00-0905",,"84","9","13","7"
"CACLP3AS05DMX01","10.1.61.15  ","9QR1CZ1        ","RC00-0910",,"84","9","13","7"
"CACLP3AS06DMX01","10.1.61.16  ","9QTYBZ1        ","RC00-0911",,"84","9","13","7"
"CACLP3AS07DMX01","10.1.61.17  ","9QWYBZ1        ","RC00-0912",,"84","9","13","7"
"CACLP3AS08DMX01","10.1.61.18  ","9RH1CZ1        ","RC00-0913",,"84","9","13","7"
"CACLP3AS09DMX01","10.1.61.19  ","9RXZBZ1        ","RC00-0914",,"84","9","13","7"
"CACLP3AS10DMX01","10.1.61.20  ","9S01CZ1        ","RC00-0915",,"84","9","13","7"
"CACLP3AS11DMX01","10.1.61.21  ","9S0ZBZ1        ","RC00-0916",,"84","9","13","7"
"CACLP3AS12DMX01","10.1.61.22  ","9S10CZ1        ","RC00-0917",,"84","9","13","7"
"CACLP3AS13DMX01","10.1.61.23  ","9QV0CZ1        ","RC00-0918",,"84","9","13","7"
"CACLP3AS14DMX01","10.1.61.124 ","9R51CZ1        ","RC00-0919",,"84","9","13","7"
"CACLP3CA01DMX01","10.1.61.34  ","9R3ZBZ1        ","RC00-0897",,"84","9","13","7"
"CACLP3CA02DMX01","10.1.61.35  ","9QNZBZ1        ","RC00-0898",,"84","9","13","7"
"CACLP3CA03DMX01","10.1.61.36  ","9QCZBZ1        ","RC00-0900",,"84","9","13","7"
"CACLP3CA04DMX01","10.1.61.37  ","9RX1CZ1        ","RC00-0904",,"84","9","13","7"
"CACLP3JE01DMX01","10.1.61.30  ","56LFJQ1        ","—              ",,"84","9","2","7"
"CACLP3RE01DMX01","10.1.61.33  ","9RW1CZ1        ","RC00-0920",,"84","9","13","7"
"CACLP3SU01DMX01","10.1.61.12  ","965G0R1        ","1040-31840",,"84","9","2","7"
"KIOSKOLPZ3     ","10.1.61.25  ","C6SW6Y1        ","1040-32304",,"84","9","13","7"
"MXTACLP3COR01","10.1.61.220","PHBQC24371","105000031869","BARRA 2 Y 3","84","18","30","6"
"MXTACLP3COR02","10.1.61.221","VNB5P03195","105000031414","BARRA 4 y 5","84","18","30","6"
"MXTACLP3COR03","10.1.61.222","VNG4X02220","105000031420","BARRA 6 Y 7","84","18","30","6"
"MXTACLP3COR04","10.1.61.223","VNB5P03189","105000031417","BARRA 8 Y 9","84","18","30","6"
"MXTACLP3COR05","10.1.61.224","VNB5P03187","105000031419","BARRA 10 Y 11","84","18","30","6"
"MXTACLP3COR06","10.1.61.225","VNG4X02222","105000031413","BARRA 12 Y 13","84","18","30","6"
"MXTACLP3COR07","10.1.61.226","VNB5P03198","105000031418","BARRA 14","84","18","30","6"
"MXTACLP3COR08","10.1.61.227","VNG4X09341","105000031415","DETRAS BARRA","84","18","30","6"
"MXTACLP3COR10","10.1.61.229","VNG4X02224","105000031416","ALMACEN","84","18","30","6"
"MXTACLP3COR09","10.1.61.228","74633699047PF ","105000031503","CAJAS","84","15","19","6"
"N/A","N/A","CN3ANEVJRF","105000031421","JEFATURA","84","18","51","6"
,"10.1.61.219","3ARHL30679","105000031423","BARRA ENTRE 1 Y 2","84","14","44","10"
,"10.1.61.218","4BAHL70622","105000031518","BARRA 13 Y 14","84","14","44","10"
,,"795WMS1","104000031946","JEFATURA DE TECNOLOGIA TELEFONICO","96","9","2","7"
"CCTRIOCA01DMX01","10.0.17.15","74D2PN1",,"CAJA 1","54","9","12","7"
"CCTRIOCA02DMX01","10.0.17.16","74KZNN1","104000031574","CAJA02","54","9","12","7"
,"10.0.17.221","CNDY816425","10500031003","CAJAS","54","9","38","6"
"CCTRIOVT01DMX01","10.0.17.11","C78G6Y1","104000032494","VENTAS 01","54","9","13","7"
"CCTRIOVT02DMX01","10.0.17.12","C8126Y1","104000032498","VENTAS 02","54","9","13","7"
"CCTRIOVT03DMX01","10.0.17.13","C64W6Y1","104000032497","VENTAS 03","54","9","13","7"
"USAB",,"44EHL50293","105000031567",,"54","14","44","10"
"CCTRIOAC01DMX01","10.0.17.19","MXL5242HS9","104000033074","ALMACEN ","54","18","1","7"
,"10.0.17.220","VNB3R12878","105000031185",,,"9","39","7"
,"10.0.132.138","5GVVNW1","104000032089","RECEPCION 1 :","68",,"13","7"
,"10.0.132.71","CM3W6Y1","104000032446","RECEPCION 2","68",,"13","7"
,,"MXKF164513","105000031734","Recepcion","68",,"41","9"
,"10.0.132.105","CDJ16Y1","104000032447","Barra 5","68",,"13","7"
,"10.0132.222","VNG5K02682","105000031377","Barra 5 y 6","68",,"30","6"
,"10.0.132.106","CL8T6Y1","104000032448","Barra 6   ","68",,"13","7"
,"10.0.132.107","CM9V6Y1","104000032449","Barra 7","68",,"13","7"
,"10.0.132.223","VNG5K02686","105000031378","Barra 7 y 8","68",,"13","6"
,"10.0.132.224","CGQW6Y1","104000032450","Barra 8   ","68",,"13","7"
,"10.0.132.109","CGGW6Y1","104000032451","Barra 9   ","68",,"Dell Optiplex  9010",NULL
,"10.0.132.224","VNG5K02694","105000031379","Barra 9 y 10","68",,"30","6"
,"192.1.209.175",,"104000032121","ANALISTA OYM","145","9","35","8"
,"10.0.132.110","CM0W6X1","104000032453","Barra 11   ","68",,"13","7"
,"10.0.132.225","VNG5K02680","105000031380","Barra 11 y 12","68","18","30","6"
,"10.0.132.112","CDLV6Y1","104000032454","Barra 12  ","68","9","13","7"
,"10.0.132.113","CQ8W6Y1","104000032455","Barra 13  ","68","9","13","7"
,"10.0.132.226","VNG5K02698","105000031381","Barra 13 y 14     ","68","18","13","6"
,,"CCXT6Y1","104000032456","Barra 14  ","68","9","13","7"
,,"CG2T6Y1","104000032457","Barra 15 ","68","9","13","7"
,"10.0.132.227","VNG5K02687","105000031382","Barra 15 y 16","68","18","30","6"
,,"CD2V6Y1","104000032458","Barra 16","68","9","13","7"
"CACMONAS17DMX01","10.0.132.117","CDFW6Y1",,"ASESOR 17","68","9","13","7"
,,"VNG5K02676","105000031383","Barra 17 y 18","68","18","30","6"
,,"CDQV6Y1","104000032460","Barra 18","68","9","13","7"
,,"CDLW6Y1","104000032461","Barra 19","68","9","13","7"
,"10.0.132.229","VNG4J02763","105000031384","Barra 19 y 20","68","18","30","6"
"CACMONAS20DMX01","10.0.132.120","C3FW6Y1",,"ASESOR 20","68","9","13","7"
,,"CJ5X6Y1","10400002463","Barra 21","68","9","13","7"
,"10.0.132.230","VNG5K02691","105000031385","Barra 21 y 22 ","68","18","30","6"
,,"CH4W6Y1 ","104000032464","Barra 22","68","9","13","7"
,"10.0.132.135","3ARHL30292","105000031395","BARRA TRASERA","68","14","44","10"
,"10.0.132.241","VNG4X06888","105000031392",,"68","18","30","6"
,"10.0.132.145","CHNV6Y1","104000032465","Caja 1","68","9","13","7"
"CACMONCA02DMX01","10.0.132.146","CJFV6Y1","104000032466","Caja 2","68","9","13","7"
,"10.0.132.147","C3JV6Y1","104000032467","Caja 3","68","9","13","7"
"CACMONCA04DMX01","10.0.132.148","CK3X6Y1","104000032468","CAJA 04","68","9","13","7"
,,"79G65X8","105000031269","Caja","68","18","24","6"
,,"MXKF164454","105000031770","CAJA 1","68","16","41","9"
,,"MXKF164451","105000031371","CAJA 2","68","18","41","9"
,,"MXKF164455","105000031372","CAJA 3","68","18","41","9"
,,"MXKF164456","105000031373","CAJA 4","68","18","41","9"
,,"7463369902M05 ","105000031389","CAJA","68","15","19","6"
,,"CFYW6Y1","104000032443","ALMACEN:","68","9","13","7"
"CACMONAC02DMX01","10.0.132.140","CDGW6Y1",,"ALMACEN 2","68","9","13","7"
,,"CFZS6Y1","10400032445","ALMACEN:","68","9","13","7"
,"10.0.132.239","VNG5K02697","105000031387","ALMACEN:","68","18","13","6"
,,"VNG5K02689","105000031388","SERTEC:","68","18","13","6"
,,"C32V6Y1","104000032441","SERTEC:","68","9","13","7"
,,"C54V6Y1","104000032442","SERTEC:","68","9","13","7"
,,"MXL5242DP2","104000033081","SERTEC:","68","18","1","7"
,,"829T591","104000030718","SERTEC:","68","9","31","7"
,,"C58W6Y1","104000032438","MODULO B","68","9","13","7"
,,"VNG5K02685","105000031386","MODULO B","68","18","30","6"
,,"C4JV6Y1","104000032439","MODULO C","68","9","13","7"
,"USB","VNB5P04002","105000031393","MODULO C","68","18","30","6"
,,"3BX8KS1","104000032296","JEFATURA","68","9","2","7"
,,"CN3A8EVGX1","105000031394","JEFATURA","68",,"51","6"
,,"J4BG301794","105000030756","RELOJ CHECADOR","68",,"41","9"
"MXTACPRICOR12","10.0.40.231","PHGFF21251",,"BARRA 17","70","18","30","7"
"MXTACPRICOR16","10.0.40.235","PHGBQB13749","105000031814","Barra 27 y 28","70","18","53","6"
"NO TIENE","USB","CNBJN84797","105000030591","Barra 25 y 26","70","18","36","6"
"MXTACPRICOR09","10.0.40.228","VNB3H22757","105000031305","Barra 23 y 24","70","18","30","6"
"MXTACPRICOR08","10.0.40.227","PHGFF21052","105000031577","Barra 21 y 22","70","18","30","6"
"MXTACPRICOR07","10.0.40.226","VNB3H22756","105000031304","BARRA 19 Y 20","70","18","30","6"
"MXTACPRICOR05","10.0.40.224","PHGFF21244","105000031550","BARRA 15 Y 16","70","18","30","6"
"MXTACPRICOR04","10.0.40.223","PHGFF21230","105000031556","BARRA 12 Y 13","70","18","30","6"
"MXTACPRICOR03","10.0.40.222","VNB5P03186","105000031443","BARRA 10 Y 11","70","18","30","6"
"MXTACPRICOR02","10.0.40.221","PHGFC58201","105000031726","BARRA 8 Y 9","70","18","30","6"
"MXTACPRICOR01","10.0.40.220","VNB3H17812","105000031306","BARRA 6 Y 7","70","18","30","6"
,"10.0.40.237","PHGFG22155","NO TIENE","ALMACEN","70","18","30","6"
,"10.0.40.238","PHGFB42255","105000031652","SERTEC","70","18","30","6"
,"10.0.40.239","79GG5X8","105000031269","CAJAS","70","15","24","6"
,"USB","CN421F1M8","105000031571","JEFATURA","70","18","51","6"
"CACPRIAS01DMX01","10.0.40.21","C0ST6Y1",,"ASESOR 1","70","9","13","7"
,"192.1.203.191","MXL5220WC2","104000032992",,"97","18","1","7"
"TIC121B01DMXR1","192.1.209.62","5CG514065Q",,"JEFATURA - ADMON INMUEBLE","126","18","21","8"
"CACPRIAS28DMX01","10.0.40.38","MXL51524TN",,"ASESOR 28","70","18","1","7"
"CACPRIAS08DMX01","10.0.40.12","F5XLDP1",,"BARRA 28","70","9","12","7"
"TOP5DC401DMXR1","192.1.209.237","MXL428291Q",,"ANALISTA","43","18","18","7"
"CACPRIAS16DMX01","10.0.40.20","C13T6Y1",,"ASESOR 16","70","9","13","7"
"TOP54A901DMXR1","192.1.209.216","J5BNXQ1","104000031826","COMISIONES","44","9","2","7"
"TOPE71801DMXR1","192.1.203.52","C6RV6Y1",,"ANALISTA","44","9","13","7"
"CACPRIAS31DMX01","10.0.40.36","2Y7CSL1",,"BARRA 32","70","9","12","7"
"CACPRIAC02DMX01","10.0.40.42","C0XT6Y1","104000032277","ALMACEN02","70","9","13","7"
"CACPRIAC03DMX01","10.0.40.49","CWQQKM1","104000031483","ALMACEN03","70","9","12","7"
,"10.0.146.113","PHGFF21130","104000031580","TELEFONICO 2","146",,,"6"
,"10.0.146.112","VNG4X13392",,"TELEFONICO 1","146",,,"6"
"CACPRIAS18DMX01","10.0.40.23","C03T6Y1",,"ASESOR","70","9","13","7"
"TVC48C801DMXR1","10.0.146.67","MXL41001FN",,"ANALISTA","146","18","18","7"
"TIS238401LMXR1","192.1.209.41","DYD0XY1",,"JEFATURA CONMUTACION","119","9","35","8"
"TOP079401DMXR1","192.1.203.60","JWR5DX1",,"JEFATURA OPERACIONES","88","9","13","7"
"TVC45EA01LMX01","10.1.7.43","43KJCS1",,"ANALISTA VENTAS","158","9","54","7"
"TOP5BC501DMXR1","192.1.209.194","JWV5DX1",,"ANALISTA CREDITO Y COBRANZA","38","9","13","7"
"TR120D401LMXR1","192.1.209.37","DBRQTZ1",,"JEFATURA ING. TRAFICO","125","9","35","7"
"TGED82D01LMXR1","192.1.202.144","JPXL7W1",,"ANALISTA APLICACIÓN DATOS","113","9","35","7"
"TCO5DB801DMXR1","10.0.156.149","MXL41001HP","104000032654","ANALISTA ATENCION DISTRIB","46","18","18","7"
,"10.0.156.149","CAB16179476A",,"MERCADOTECNIA","59","15","19","6"
"TGE32D501LMXR1","192.1.202.142","DKCQTZ1",,"JEFATURA DISTRIB.","46","9","35","8"
"TGE3ACD01LMXR1","192.1.202.140","F6CQTZ1",,,"46","9","35","8"
"TGE550201LMXR1","192.1.202.139","5NNQTZ1",,"ANALISTA DISTRIB.","46","9","35","8"
"TIC03D901LMXR1","192.1.209.66","GWCQTZ1",,"GERENTE IMP. Y CONTRUCC","144","9","35","8"
"TAC5C4201LMXR1","192.1.202.164","1B3N7W1",,"JEFE OPERACIONES CACS","88","9","35","8"
"TOPE1D901DMXR1","192.1.209.240","97J20R1",,"ANALISTA - MESA DE CONTROL","45","9","2","7"
"TOP1D1E01DMXR1","192.1.209.246","J5JNXQ1",,"ANALISTA - MESA DE CONTROL","45","9","2","7"
"TR13EF601LMXR1","192.1.209.140","8LQ4CW1",,"JEFATURA INTEGRACION","116","9","35","8"
"TGR72EC01DMX01","192.1.21.78","MXL41901J8",,"ANALISTA DISTRIBUIDORES","103","18","18","7"
"TOM205701LMXR1","192.1.209.173","PF0421JC",,"ANALISTA OYM","145","20","34","8"
"TOL689301LMXR1","10.0.146.43","5CG514065H",,"ANALISTA VENTAS PYMES ","146","18","21","8"
"TOL1A7C01LMXR1","10.0.146.42","5CG514063W",,"GERENTE VENTAS PYMES","146","18","21","8"
"TOLE4701LMXR1","10.0.146.73","5CG5140607",,"ANALISTA VENTAS PYMES ","146","18","21","8"
"TOL869901LMXR1","10.0.146.75","5CG5140606",,"ANALISTA VENTAS PYMES ","146","18","21","8"
"TOLDE9301LMXR1","10.0.146.70","5CG514064V",,"ANALISTA VENTAS PYMES ","146","18","21","8"
"TOLC48501LMXR1","10.0.146.71","5CG5140623",,"ANALISTA VENTAS PYMES ","146","18","21","8"
"TOLD72E01LMXR1","10.0.146.72","5CG5140682",,"ANALISTA VENTAS PYMES ","146","18","21","8"
"TOLE3C901LMX01","10.9.13.104","5CG4290M9X",,"ANALISTA VENTAS PYMES ","106","18","21","8"
"TOLD65D01LMX01","10.9.13.107","5CG514068K",,"ANALISTA VENTAS PYMES ","106","18","21","8"
"TOL17D801LMXR1","10.0.146.44","5CG4290LVF",,"ANALISTA DE VENTAS PYME","146","18","21","8"
"CACSLCAS33DMX01","192.1.212.133","D0M7DP1",,"BARRA 33","81","18","12","7"
"TR11A5D011MXR1","192.1.209.36","1Z24CW1",,"GERENTE","50","9","35","8"
"TGE28BF01LMXR1","192.1.203.73","9XGQTZ1","104000032701","GERENTE APLICACIÓN DATOS","113","9","35","8"
"TISAA0501DMXR1","192.1.202.220","MXL407082X",,"ANALISTA ","145","18","28","7"
"TIC 7FBA01LMXR1","192.1.209.158","8PNTY1",,"JEFATURA CALIDAD Y SERV","97","9","35","8"
"TIC51DD01LMXR1","192.1.209.117","93Y4BS1",,,"50","9","20","8"
"TOM121C01LMXR1","192.1.209.31","3MYB6R1",,"JEFE OYM","145","9","20","8"
"TAT91D801DMXR1","10.0.146.33","MXL41001GX",,"ASESOR","146","18","18","D"
"TGE1E2F01LMXR1","192.1.202.141","6NYL7W1",,"JEFATURA ","50","9","35","8"
"TVC22BD01LMX01","10.9.13.114","DK8HNX1",,"ANALISTA","106","9","35","8"
"TIC25810LMXR1","192.1.209.250","CNU419DL5X",,"ANALISTA IMPL. Y ACEPTACION","144","18","21","8"
"TOM0C6401LMXR1","192.1.209.32","5L8HNX1",,"JEFATURA OYM","145","9","35","8"
"CACP2KAC03DMX01","10.0.42.53","MXL5242DNH",,"ALMACEN 3","71","18","1","7"
"CACP2KAC01DMX01","10.0.42.51","MXL5242DN2",,"ALMACEN 1","71","18","1","7"
,"10.0.42.220","VNB3B21453",,,"71","18","30","6"
"TCO4C3D01LMXR1","192.1.202.138","5CG5240RMZ",,"ANALISTA","50","18","21","8"
,"10.0.156.133","VNB4N12886",,"MESA DE CONTROL","45","18","30","6"
"TAF4A9401DMXR1","192.1.209.103","HFTTXR1",,"ANALISTA COMPRAS","101","9","2","7"
"TAT900001DMXR1","192.1.202.180","MXL41001J4",,"ANALISTA","97","18","28","7"
"TAFE9B601DMXR1","192.1.203.30","CG3TQW1",,"ANALISTA","154","9","13","7"
"TCO25F301LMX01","192.1.205.31","DFCM7W1",,"JEFATURA OYM","57","9","35","8"
"TVC154901LMX01","10.0.146.80","99YL7W1",,"ANALISTA","146","9","35","8"
"TGR50E101DMX01","192.1.205.12","5D7VNW1",,"ALMACEN","57","9","13","7"
"TATJJJJ01DMXR1","10.0.146.23","CYDVHS1","104000031878","VENDEDOR","96","9","2","7"
"TATE77C01DMXR1","10.0.146.32","5L485V1","104000031955","VENDEDOR","146","9","2","7"
"TATIIII01DMXR1","10.0.146.22","CYMZHS1","104000031889","VENDEDOR","146","9","2","7"
"TOP09B801DMXR1","192.1.209.212","MXL5242DQT",,"ANALISTA","44","18","1","7"
"CACEN2AS21DMX01","10.0.27.31","C34T6Y1",,"ASESOR","76","9","13","7"
"TATA3C501DMXR1","10.0.146.24","MXL41000JG",,"VENTAS","146","18","18","7"
"TAF593C01DMXR1","192.1.203.176","6C69SW1",,"ANALISTA ","102","9","13","7"
"10.0.146.40","10.0.146.40","CYBVHS1",,"VENTAS","146","9","2","7"
"TOM373201DMXR1","192.1.209.171","MXL41901N3","104000032726","ANALISTA","145","18","28","7"
"CAC510AS01DMX01","192.1.208.31","F3JCTW1",,"ASESOR","64","9","13","7"
,"192.1.203.77","MXL5242HTK",,"JEFATURA ","38","18","1","7"
"MXTACPRICOR16","10.0.40.235","PHBQB13749",,"BARRA 20","70","18","30","6"
"CACPRIAS35DMX01","10.0.40.73","MXL51524V2","104000032928","MODULO C","70","18","1","7"
,,"8Q51BYF1","104000031164","CAJA TEMP 1","70","9","55","7"
"CACPRIAS36DMX01",,"C68V6Y1","104000032302",,,"9","13","7"
,"192.1.209.252","MXL41000NT","104000032677","ANALISTA","131","18","35","7"
,"192.1.209.150","MXL41000GV",,"ANALISTA","131","18","35","7"
"TOM4F8101DMXR1","192.1.203.240","MXL41000P5",,"ANALISTA","131","18","35","7"
"TOM1A5A01LMXR1","192.1.203.231","5CG5450DR4","104000032656","ANALISTA","145","18","21","8"
"CACEN1CA03DMX01","192.1.210.48","MXL3492GBL",,"CAJA 3","75","18","35","7"
"CADMX1CA01DMX01","10.9.7.19","74CZNN1",,"CAJA 1","57","9","12","7"
"TIS046A01LMXR1","192.1.209.35","5CG514066D",,"GERENTE","145","18","21","8"
"TVCD8F801LMXR1","10.0.146.59","HY9M7W1",,"VENTAS","146","9","35","8"
"CVTLP1CA01DMX01","10.1.8.11","BVCSC91",,"CAJA 1","55","9","17","7"
"TGREE0B01DMXR1","192.1.203.120","MXL41901HN",,"ANALISTA","59","18","28","7"
"CVTLMBAC01DMX01","192.1.28.13","MXL5242FN8",,"VENTAS","147","18","1","7"
"CACEN1AS25DMX01","192.1.210.45","MXL5452P21",,"ASESOR","75","18","1","7"
"TOP50F801DMXR1","192.1.209.201","JWSKCX1",,"ANALISTA","38","9","13","7"
"TGEEE1701LMX01","10.1.34.104","7BCNTY1",,"VENDEDOR","158","9","35","8"
"CACPRIJE01DMX01","10.0.40.30","9MPHRW1",,"JEFATURA ","70","9","13","7"
"CACPRICA02DMX01","10.0.40.47","MXL3492H2B",,"CAJA 2","70","18","18","7"
"CACPRICA04DMX01","10.0.40.45","MXL3492GC4",,"CAJA 4","70","18","18","7"
"CACPRICA03DMX01","10.0.40.46","MXL3492GCK",,"CAJA 3","70","18","18","7"
"CACPRICA01DMX01","10.0.40.48","MXL3492G9F",,"CAJA 1","70","18","18","7"
"CAC510AS05DMX01","192.1.208.35","F3G7TW1",,"ASESOR","64","9","13","7"
"CACEN1SU02DMX01","192.1.210.40","MXJ82409GZ",,"SUPERVISORA","75","18","27","7"
"TOP69CE01DMXR1","192.1.209.242","MXL428293R",,"ANALISTA ","44","18","18","7"
"CACOTYSU02DMX01","10.0.70.129","C6LV6Y1",,"SUPERVISORA","72","9","13","7"
"TIS95F001LMXR1","192.1.209.122","5CG510263K",,"ANALISTA ","149","18","21","8"
"TGR17E801DMX01","192.1.21.66","MXL6421PHR",,"JEFATURA","58","18","16","7"
"TRH048921DMX01","192.1.205.74","MXL63221S2",,"ANALISTA ","57","18","16","7"
"TATA17501DMXR1","10.0.146.14","MXL41001HD",,"VENTAS","146","18","28","7"
"TAT55B901DMXR1","10.0.146.31","CYHVHS1",,,,"9","2","7"
"CACMACAS22DMX01","10.8.13.33","3B8SXQ1",,"BARRA 22","67","9","2","7"
"TATC33D01DMXR1","10.0.146.27","CYFZHS1",,"SUPERVISORA","146","9","2","7"
,,"4RCFFV1","104000032035","SOPORTE TECNICO","70","9","56","8"
"CACPRIAS12DMX01","10.0.40.16","C61X6Y1",,"ASESOR","70","9","13","7"
"TVC154903LMXR1","10.0.146.80","5CG5450DQB",,"GERENTE","146","18","21","8"
"TOP16C201DMXR1","192.1.209.198","J57LXQ1",,"ANALISTA","38","9","2","7"
"CAERIOCA01DMXR1","10.0.146.65","CY2W9B1",,"CAJA 1","146","9","17","7"
"CAERIOCA02DMXR1","10.0.146.66","62VTYB1",,"CAJA 2","146","9","17","7"
"ATF3BC801DMX01","192.1.205.18","MXL63221YG",,"SUPERVISOR","57","18","16","7"
"CACPRIAS25DMX01","10.0.40.40","C5YW6Y1","104000036802","ASESOR","70","9","13","7"
"TAF762201DMX01","192.1.205.16","5LC85V1",,"ANALISTA","50","9","2","7"
"TAF47601DMX01","192.1.205.15","CT005V1",,,,"9","2","7"
,"192.1.205.225","74635C66039MN",,"ALMACEN","50","15","19","6"
"TOM238501DMXR1","192.1.203.230","5CG6312ZMT","14000033161","ANALISTA","145","18","21","8"
"TOM301A01DMXR1","192.1.209.167","MXL41901MV","104000032725","ANALISTA","145","18","35","7"
"TOM0E1303DMXR1","192.1.202.248","B0NZ9Y1","104000032542","CAMARAS","133","9","13","7"
"TOP51DE01DMXR1","192.1.209.192","MXL52225WT",,"ANALISTA","44","18","1","7"
"TOM23A201LMXR1","192.1.202.195","5CG6312Z1",,"ANALISTA","145","18","21","8"
"TOM5EE101LMXR1","192.1.202.196","5CG540DX9","104000032882","ANALISTA","145","18","21","8"
"TOP52C801DMXR1","192.1.209.219","J5QNXQ1",,"ANALISTA","44","9","2","7"
"TOP360D01DMXR1","192.1.209.214","J5HMXQ1",,"ANALISTA","44","9","2","7"
"TOM0E1302DMXR1","192.1.202.249","B5SY9Y1","104000032543","ANALISTA","145","9","13","7"
